Race,Year,State,Deaths,Population,Crude_Rate,Age_Adj_Death_Rate
Black,1999,Alabama,102,1162673,8.8,11.4
Black,1999,Arizona,14,177619,,
Black,1999,Arkansas,27,424438,6.4,7.7
Black,1999,California,193,2502469,7.7,14.7
Black,1999,Colorado,24,183070,13.1,40.5
Black,1999,Connecticut,13,341801,,
Black,1999,District of Columbia,29,354021,8.2,7.9
Black,1999,Florida,133,2419083,5.5,11.2
Black,1999,Georgia,150,2343624,6.4,12.7
Black,1999,Illinois,121,1923260,6.3,11.4
Black,1999,Indiana,48,525171,9.1,16
Black,1999,Kansas,14,164954,,
Black,1999,Kentucky,15,303644,,
Black,1999,Louisiana,100,1461433,6.8,11.2
Black,1999,Maryland,79,1503532,5.3,10.8
Black,1999,Massachusetts,27,416891,6.5,15.5
Black,1999,Michigan,76,1455082,5.2,8.9
Black,1999,Mississippi,62,1038253,6,8.6
Black,1999,Missouri,46,642019,7.2,11.5
Black,1999,New Jersey,60,1231242,4.9,9.5
Black,1999,New York,51,3410768,1.5,2.7
Black,1999,North Carolina,182,1758625,10.3,15.7
Black,1999,Ohio,144,1347742,10.7,17.1
Black,1999,Oklahoma,27,277057,9.7,16.8
Black,1999,Pennsylvania,82,1279925,6.4,9.3
Black,1999,South Carolina,102,1192652,8.6,13.1
Black,1999,Tennessee,77,939791,8.2,13.1
Black,1999,Texas,157,2461293,6.4,11.7
Black,1999,Virginia,100,1422517,7,11.3
Black,1999,Washington,16,222319,,
Black,1999,Wisconsin,15,315230,,
Black,2000,Alabama,137,1167623,11.7,15.4
Black,2000,Arizona,13,183298,,
Black,2000,Arkansas,26,425864,6.1,8
Black,2000,California,196,2516935,7.8,14.5
Black,2000,Colorado,10,188402,,
Black,2000,Delaware,12,157045,,
Black,2000,District of Columbia,51,353632,14.4,13.8
Black,2000,Florida,161,2468478,6.5,13.1
Black,2000,Georgia,157,2395234,6.6,13.3
Black,2000,Illinois,141,1933802,7.3,13
Black,2000,Indiana,39,533138,7.3,12.6
Black,2000,Kansas,15,167269,,
Black,2000,Kentucky,26,307871,8.4,12.4
Black,2000,Louisiana,140,1468317,9.5,15.5
Black,2000,Maryland,94,1524783,6.2,12.8
Black,2000,Massachusetts,26,426216,6.1,14.4
Black,2000,Michigan,92,1463500,6.3,10.7
Black,2000,Mississippi,82,1041069,7.9,11.2
Black,2000,Missouri,50,649528,7.7,12.5
Black,2000,New Jersey,86,1241469,6.9,13.2
Black,2000,New York,72,3434584,2.1,3.7
Black,2000,North Carolina,208,1775634,11.7,17.9
Black,2000,Ohio,139,1359717,10.2,16.2
Black,2000,Oklahoma,19,279982,,
Black,2000,Pennsylvania,70,1293698,5.4,7.8
Black,2000,South Carolina,134,1199993,11.2,16.8
Black,2000,Tennessee,100,950101,10.5,17
Black,2000,Texas,212,2489759,8.5,15.8
Black,2000,Virginia,122,1438727,8.5,13.8
Black,2000,Washington,18,230096,,
Black,2000,West Virginia,12,60889,,
Black,2000,Wisconsin,21,322099,6.5,22.1
Black,2001,Alabama,160,1177479,13.6,18.2
Black,2001,Arizona,15,194201,,
Black,2001,Arkansas,34,429929,7.9,10.4
Black,2001,California,216,2547829,8.5,15.9
Black,2001,Colorado,14,196376,,
Black,2001,Connecticut,23,355440,6.5,14.4
Black,2001,District of Columbia,57,349536,16.3,15.6
Black,2001,Florida,137,2553214,5.4,11
Black,2001,Georgia,190,2468186,7.7,16.1
Black,2001,Illinois,169,1940249,8.7,15.9
Black,2001,Indiana,55,545974,10.1,17.7
Black,2001,Kansas,21,169671,12.4,22.7
Black,2001,Kentucky,36,314168,11.5,17.7
Black,2001,Louisiana,162,1475975,11,18.1
Black,2001,Maryland,135,1561491,8.6,17.8
Black,2001,Massachusetts,41,441594,9.3,21.9
Black,2001,Michigan,92,1477489,6.2,10.6
Black,2001,Mississippi,81,1046375,7.7,11.3
Black,2001,Missouri,46,661223,7,11.5
Black,2001,New Jersey,91,1257274,7.2,14.1
Black,2001,New York,62,3457658,1.8,3.2
Black,2001,North Carolina,221,1814985,12.2,18.9
Black,2001,Ohio,145,1381459,10.5,16.6
Black,2001,Oklahoma,33,282978,11.7,21.3
Black,2001,Pennsylvania,132,1311557,10.1,14.9
Black,2001,South Carolina,174,1214753,14.3,21.9
Black,2001,Tennessee,105,967178,10.9,18.2
Black,2001,Texas,225,2551645,8.8,17.1
Black,2001,Virginia,128,1462901,8.7,14.3
Black,2001,Washington,22,239036,9.2,28.7
Black,2001,West Virginia,14,61171,,
Black,2001,Wisconsin,18,331554,,
Black,2002,Alabama,156,1182591,13.2,17.9
Black,2002,Arizona,18,204176,,
Black,2002,Arkansas,33,432330,7.6,10.8
Black,2002,California,242,2567326,9.4,17.7
Black,2002,Colorado,18,201149,,
Black,2002,Connecticut,13,363022,,
Black,2002,District of Columbia,67,346080,19.4,18.5
Black,2002,Florida,210,2627531,8,16.5
Black,2002,Georgia,206,2522522,8.2,17.4
Black,2002,Illinois,176,1942243,9.1,16.3
Black,2002,Indiana,72,555017,13,23.5
Black,2002,Kansas,24,171790,14,26.6
Black,2002,Kentucky,35,318571,11,17.2
Black,2002,Louisiana,161,1485575,10.8,18.3
Black,2002,Maryland,143,1592833,9,18.9
Black,2002,Massachusetts,24,453484,5.3,12.5
Black,2002,Michigan,107,1483051,7.2,12.3
Black,2002,Mississippi,89,1049194,8.5,12.8
Black,2002,Missouri,44,669160,6.6,11.1
Black,2002,New Jersey,88,1268823,6.9,13.3
Black,2002,New York,83,3467250,2.4,4.2
Black,2002,North Carolina,243,1844291,13.2,20.7
Black,2002,Ohio,181,1397560,13,20.9
Black,2002,Oklahoma,28,285840,9.8,18.7
Black,2002,Oregon,11,74540,,
Black,2002,Pennsylvania,115,1329750,8.6,12.9
Black,2002,South Carolina,155,1222658,12.7,19.8
Black,2002,Tennessee,113,980256,11.5,19.8
Black,2002,Texas,219,2602237,8.4,16.5
Black,2002,Virginia,152,1480645,10.3,16.8
Black,2002,Washington,32,245869,13,40.8
Black,2002,Wisconsin,20,339499,5.9,19.7
Black,2003,Alabama,201,1190183,16.9,23.8
Black,2003,Arizona,33,213993,15.4,43.6
Black,2003,Arkansas,51,435025,11.7,16.6
Black,2003,California,289,2585567,11.2,20.8
Black,2003,Colorado,16,203049,,
Black,2003,Connecticut,11,370417,,
Black,2003,Delaware,17,171022,,
Black,2003,District of Columbia,67,340751,19.7,18.8
Black,2003,Florida,214,2700143,7.9,16.3
Black,2003,Georgia,230,2571491,8.9,19.3
Black,2003,Illinois,220,1942340,11.3,19.7
Black,2003,Indiana,70,565411,12.4,22.8
Black,2003,Kansas,24,173096,13.9,26.2
Black,2003,Kentucky,30,322254,9.3,15.1
Black,2003,Louisiana,195,1496609,13,22.3
Black,2003,Maryland,116,1621856,7.2,14.8
Black,2003,Massachusetts,24,464146,5.2,11.4
Black,2003,Michigan,113,1488590,7.6,12.9
Black,2003,Minnesota,12,231089,,
Black,2003,Mississippi,123,1053803,11.7,18.1
Black,2003,Missouri,52,676844,7.7,12.8
Black,2003,Nevada,19,181213,,
Black,2003,New Jersey,75,1279601,5.9,11.3
Black,2003,New York,93,3471007,2.7,4.5
Black,2003,North Carolina,265,1869334,14.2,22.2
Black,2003,Ohio,190,1413170,13.4,21.5
Black,2003,Oklahoma,34,287387,11.8,22.8
Black,2003,Oregon,12,76251,,
Black,2003,Pennsylvania,111,1349739,8.2,12.4
Black,2003,South Carolina,154,1231581,12.5,19.5
Black,2003,Tennessee,123,993443,12.4,21.9
Black,2003,Texas,269,2646739,10.2,20.7
Black,2003,Virginia,170,1496240,11.4,18.6
Black,2003,Washington,27,250925,10.8,33.3
Black,2003,West Virginia,11,62866,,
Black,2003,Wisconsin,27,346353,7.8,25
Black,2004,Alabama,222,1199192,18.5,26.7
Black,2004,Arizona,31,226956,13.7,40.3
Black,2004,Arkansas,40,438712,9.1,13.2
Black,2004,California,359,2603152,13.8,25.3
Black,2004,Colorado,24,208322,11.5,34.5
Black,2004,Connecticut,28,375875,7.4,17.1
Black,2004,Delaware,14,175605,,
Black,2004,District of Columbia,66,335297,19.7,18.6
Black,2004,Florida,209,2786446,7.5,15.6
Black,2004,Georgia,266,2635336,10.1,21.9
Black,2004,Illinois,261,1944473,13.4,23.7
Black,2004,Indiana,75,575734,13,24.5
Black,2004,Kansas,25,175310,14.3,28
Black,2004,Kentucky,38,328546,11.6,19.1
Black,2004,Louisiana,228,1509822,15.1,25.9
Black,2004,Maryland,158,1652016,9.6,19.2
Black,2004,Massachusetts,33,472524,7,15.8
Black,2004,Michigan,124,1492884,8.3,13.8
Black,2004,Mississippi,109,1062637,10.3,16.2
Black,2004,Missouri,70,685468,10.2,17.6
Black,2004,Nevada,10,194114,,
Black,2004,New Jersey,92,1288238,7.1,13.8
Black,2004,New York,111,3464246,3.2,5.2
Black,2004,North Carolina,290,1901343,15.3,24.1
Black,2004,Ohio,215,1427023,15.1,23.9
Black,2004,Oklahoma,45,290375,15.5,30.4
Black,2004,Pennsylvania,116,1372319,8.5,12.8
Black,2004,South Carolina,211,1244041,17,26.6
Black,2004,Tennessee,151,1009077,15,26.9
Black,2004,Texas,325,2697339,12,24.5
Black,2004,Virginia,191,1519571,12.6,20.8
Black,2004,Washington,26,257470,10.1,32.1
Black,2004,West Virginia,11,63682,,
Black,2004,Wisconsin,19,352749,,
Black,2005,Alabama,218,1210903,18,25.7
Black,2005,Arizona,32,243074,13.2,39.2
Black,2005,Arkansas,64,442674,14.5,20.6
Black,2005,California,396,2615407,15.1,27
Black,2005,Colorado,23,211476,10.9,31.9
Black,2005,Connecticut,25,381552,6.6,14.1
Black,2005,Delaware,15,181480,,
Black,2005,District of Columbia,74,329329,22.5,20.4
Black,2005,Florida,242,2881786,8.4,17.1
Black,2005,Georgia,248,2702396,9.2,19.7
Black,2005,Illinois,261,1944853,13.4,23
Black,2005,Indiana,89,586943,15.2,27.9
Black,2005,Kansas,27,176749,15.3,29.5
Black,2005,Kentucky,33,334402,9.9,16.2
Black,2005,Louisiana,255,1521031,16.8,28.4
Black,2005,Maryland,144,1680707,8.6,17
Black,2005,Massachusetts,32,481830,6.6,14.7
Black,2005,Michigan,114,1494262,7.6,12.5
Black,2005,Mississippi,126,1070369,11.8,18.5
Black,2005,Missouri,85,694231,12.2,20.8
Black,2005,Nevada,16,207275,,
Black,2005,New Jersey,117,1293607,9,16.7
Black,2005,New York,115,3457681,3.3,5.3
Black,2005,North Carolina,295,1936792,15.2,24
Black,2005,Ohio,296,1441701,20.5,32.3
Black,2005,Oklahoma,49,293204,16.7,33.5
Black,2005,Pennsylvania,138,1395186,9.9,14.6
Black,2005,South Carolina,206,1255105,16.4,25.4
Black,2005,Tennessee,170,1026372,16.6,30.1
Black,2005,Texas,370,2753898,13.4,27.4
Black,2005,Virginia,221,1541027,14.3,23.3
Black,2005,Washington,40,264736,15.1,44.7
Black,2005,West Virginia,10,64664,,
Black,2005,Wisconsin,36,359771,10,32.6
Black,2006,Alabama,211,1230534,17.1,24.9
Black,2006,Arizona,27,262150,10.3,30.4
Black,2006,Arkansas,66,450382,14.7,21.7
Black,2006,California,351,2626937,13.4,23.5
Black,2006,Colorado,25,218810,11.4,32
Black,2006,Connecticut,24,388120,6.2,13.3
Black,2006,Delaware,12,187148,,
Black,2006,District of Columbia,75,325064,23.1,21
Black,2006,Florida,267,2969250,9,18.4
Black,2006,Georgia,284,2805927,10.1,22.1
Black,2006,Illinois,238,1947836,12.2,20.4
Black,2006,Indiana,68,600368,11.3,20.9
Black,2006,Iowa,10,90031,,
Black,2006,Kansas,21,180509,11.6,22.4
Black,2006,Kentucky,57,339736,16.8,27.7
Black,2006,Louisiana,223,1369467,16.3,27.2
Black,2006,Maryland,148,1705298,8.7,16.6
Black,2006,Massachusetts,40,492621,8.1,17.6
Black,2006,Michigan,128,1494911,8.6,13.6
Black,2006,Mississippi,149,1080399,13.8,22
Black,2006,Missouri,73,704464,10.4,17.5
Black,2006,Nevada,12,221504,,
Black,2006,New Jersey,69,1298653,5.3,9.8
Black,2006,New York,94,3453892,2.7,4.2
Black,2006,North Carolina,304,1986797,15.3,23.9
Black,2006,Ohio,276,1457396,18.9,29.2
Black,2006,Oklahoma,47,299029,15.7,31.3
Black,2006,Pennsylvania,129,1421259,9.1,13.4
Black,2006,South Carolina,212,1273536,16.6,25.7
Black,2006,Tennessee,184,1047600,17.6,32.1
Black,2006,Texas,333,2904002,11.5,23.4
Black,2006,Virginia,175,1565510,11.2,17.9
Black,2006,Washington,38,275137,13.8,40.7
Black,2006,Wisconsin,36,367132,9.8,30.3
Black,2007,Alabama,242,1243867,19.5,28.6
Black,2007,Arizona,37,278537,13.3,40.4
Black,2007,Arkansas,67,453433,14.8,22.2
Black,2007,California,398,2639369,15.1,25.9
Black,2007,Colorado,25,224746,11.1,30
Black,2007,Connecticut,27,394640,6.8,14
Black,2007,Delaware,16,192615,,
Black,2007,District of Columbia,84,321494,26.1,22.7
Black,2007,Florida,257,3029024,8.5,16.9
Black,2007,Georgia,251,2891925,8.7,18.9
Black,2007,Illinois,250,1951157,12.8,20.9
Black,2007,Indiana,81,612333,13.2,24
Black,2007,Kansas,27,183812,14.7,28.5
Black,2007,Kentucky,40,347061,11.5,19.2
Black,2007,Louisiana,214,1411396,15.2,25.4
Black,2007,Maryland,154,1724204,8.9,16.8
Black,2007,Massachusetts,32,503993,6.3,13
Black,2007,Michigan,121,1492428,8.1,12.4
Black,2007,Mississippi,152,1092496,13.9,22.2
Black,2007,Missouri,88,712454,12.4,21
Black,2007,New Jersey,119,1304334,9.1,15.9
Black,2007,New York,119,3456802,3.4,5.2
Black,2007,North Carolina,325,2035660,16,24.8
Black,2007,Ohio,283,1473382,19.2,29
Black,2007,Oklahoma,39,304098,12.8,25.2
Black,2007,Pennsylvania,137,1445762,9.5,13.9
Black,2007,South Carolina,243,1289462,18.8,29.1
Black,2007,Tennessee,212,1062187,20,36.6
Black,2007,Texas,358,2962118,12.1,25.1
Black,2007,Virginia,216,1583256,13.6,21.7
Black,2007,Washington,43,283382,15.2,43
Black,2007,West Virginia,10,67505,,
Black,2007,Wisconsin,37,374709,9.9,30.5
Black,2008,Alabama,230,1259177,18.3,26.4
Black,2008,Arizona,54,294617,18.3,54.2
Black,2008,Arkansas,76,458375,16.6,24.8
Black,2008,California,487,2662354,18.3,30.7
Black,2008,Colorado,36,231792,15.5,41.4
Black,2008,Connecticut,34,401643,8.5,17
Black,2008,Delaware,15,197813,,
Black,2008,District of Columbia,74,318392,23.2,20
Black,2008,Florida,254,3086395,8.2,15.8
Black,2008,Georgia,280,2962628,9.5,20.5
Black,2008,Illinois,254,1955231,13,20.5
Black,2008,Indiana,69,624185,11.1,20
Black,2008,Iowa,10,99622,,
Black,2008,Kansas,26,188485,13.8,27.5
Black,2008,Kentucky,48,352036,13.6,22.7
Black,2008,Louisiana,242,1444476,16.8,27.6
Black,2008,Maryland,190,1741767,10.9,19.8
Black,2008,Massachusetts,32,517040,6.2,12.6
Black,2008,Michigan,146,1485681,9.8,14.7
Black,2008,Minnesota,12,294544,,
Black,2008,Mississippi,163,1103216,14.8,23.2
Black,2008,Missouri,85,719723,11.8,19.9
Black,2008,New Jersey,112,1311696,8.5,14.7
Black,2008,New York,146,3473867,4.2,6.1
Black,2008,North Carolina,349,2084901,16.7,25.8
Black,2008,Ohio,291,1488002,19.6,28.8
Black,2008,Oklahoma,43,307270,14,27.9
Black,2008,Pennsylvania,159,1469600,10.8,15.6
Black,2008,South Carolina,235,1308465,18,27
Black,2008,Tennessee,223,1074684,20.8,37.9
Black,2008,Texas,339,3027152,11.2,23.1
Black,2008,Virginia,226,1602530,14.1,21.9
Black,2008,Washington,49,294548,16.6,50.5
Black,2008,West Virginia,14,68836,,
Black,2008,Wisconsin,35,381998,9.2,27.6
Black,2009,Alabama,231,1271247,18.2,26.5
Black,2009,Arizona,39,308020,12.7,36.3
Black,2009,Arkansas,77,462207,16.7,26.1
Black,2009,California,474,2691724,17.6,28.7
Black,2009,Colorado,42,239309,17.6,45.2
Black,2009,Connecticut,31,409897,7.6,14.8
Black,2009,Delaware,20,201775,9.9,19
Black,2009,District of Columbia,57,317978,17.9,15.1
Black,2009,Florida,277,3133488,8.8,16.5
Black,2009,Georgia,284,3023009,9.4,19.9
Black,2009,Illinois,281,1960826,14.3,22.2
Black,2009,Indiana,78,635234,12.3,22
Black,2009,Iowa,14,104045,,
Black,2009,Kansas,23,192058,12,23.6
Black,2009,Kentucky,52,359228,14.5,24.1
Black,2009,Louisiana,220,1468988,15,24.8
Black,2009,Maryland,147,1764644,8.3,14.5
Black,2009,Massachusetts,33,530509,6.2,12.5
Black,2009,Michigan,134,1481101,9,13
Black,2009,Minnesota,15,304750,,
Black,2009,Mississippi,155,1108721,14,22.8
Black,2009,Missouri,79,728187,10.8,18.1
Black,2009,Nebraska,10,94396,,
Black,2009,Nevada,15,251426,,
Black,2009,New Jersey,123,1323532,9.3,15.3
Black,2009,New York,163,3498751,4.7,6.6
Black,2009,North Carolina,362,2125058,17,26.3
Black,2009,Ohio,316,1501406,21,30.7
Black,2009,Oklahoma,43,314025,13.7,27.3
Black,2009,Pennsylvania,138,1492281,9.2,13.3
Black,2009,South Carolina,248,1320564,18.8,28
Black,2009,Tennessee,185,1087674,17,30.5
Black,2009,Texas,373,3101293,12,24.6
Black,2009,Virginia,236,1623781,14.5,22.1
Black,2009,Washington,45,305941,14.7,42.8
Black,2009,West Virginia,12,70465,,
Black,2009,Wisconsin,35,389316,9,25.4
Black,2010,Alabama,215,1279072,16.8,24.4
Black,2010,Arizona,50,316039,15.8,44.1
Black,2010,Arkansas,76,466200,16.3,25
Black,2010,California,492,2718779,18.1,28.6
Black,2010,Colorado,30,245200,12.2,32.5
Black,2010,Connecticut,25,416130,6,11.1
Black,2010,Delaware,29,204730,14.2,26.1
Black,2010,District of Columbia,69,317619,21.7,17.6
Black,2010,Florida,287,3172720,9,16.5
Black,2010,Georgia,323,3057817,10.6,22.3
Black,2010,Illinois,246,1965842,12.5,18.8
Black,2010,Indiana,108,643598,16.8,29.8
Black,2010,Iowa,12,107203,,
Black,2010,Kansas,14,195412,,
Black,2010,Kentucky,50,364148,13.7,22.5
Black,2010,Louisiana,214,1485375,14.4,23.8
Black,2010,Maryland,149,1783183,8.4,14.1
Black,2010,Massachusetts,44,539664,8.2,15.9
Black,2010,Michigan,164,1483261,11.1,15.8
Black,2010,Minnesota,10,311471,,
Black,2010,Mississippi,186,1115323,16.7,26.9
Black,2010,Missouri,89,734657,12.1,19.7
Black,2010,Nebraska,12,96172,,
Black,2010,New Jersey,117,1333527,8.8,14.1
Black,2010,New York,176,3523196,5,7
Black,2010,North Carolina,372,2151978,17.3,26.3
Black,2010,Ohio,289,1510985,19.1,27.3
Black,2010,Oklahoma,36,319116,11.3,22.3
Black,2010,Oregon,10,94276,,
Black,2010,Pennsylvania,150,1506459,10,13.9
Black,2010,South Carolina,256,1329507,19.3,28.5
Black,2010,Tennessee,248,1097940,22.6,40.5
Black,2010,Texas,344,3156011,10.9,22
Black,2010,Virginia,223,1640836,13.6,20
Black,2010,Washington,46,310869,14.8,41.9
Black,2010,West Virginia,10,71260,,
Black,2010,Wisconsin,30,394478,7.6,22.8
Black,2011,Alabama,228,1293037,17.6,25.4
Black,2011,Arizona,62,327548,18.9,51.4
Black,2011,Arkansas,98,471035,20.8,31.6
Black,2011,California,584,2749509,21.2,32.7
Black,2011,Colorado,21,254320,8.3,21.1
Black,2011,Connecticut,28,420735,6.7,12.6
Black,2011,Delaware,20,207425,9.6,17.6
Black,2011,District of Columbia,81,320832,25.2,20.7
Black,2011,Florida,269,3242646,8.3,13.9
Black,2011,Georgia,342,3113361,11,22.9
Black,2011,Illinois,258,1971805,13.1,18.9
Black,2011,Indiana,100,652559,15.3,26.8
Black,2011,Iowa,20,110753,18.1,59.2
Black,2011,Kansas,21,199790,10.5,20.4
Black,2011,Kentucky,39,372115,10.5,17.4
Black,2011,Louisiana,248,1506336,16.5,26.7
Black,2011,Maryland,148,1802494,8.2,13.4
Black,2011,Massachusetts,39,549080,7.1,13.5
Black,2011,Michigan,205,1488254,13.8,19.4
Black,2011,Minnesota,16,319140,,
Black,2011,Mississippi,190,1125114,16.9,27.2
Black,2011,Missouri,97,740525,13.1,20.9
Black,2011,Nevada,12,259830,,
Black,2011,New Jersey,128,1343487,9.5,15
Black,2011,New York,197,3556174,5.5,7.6
Black,2011,North Carolina,384,2188334,17.5,26.1
Black,2011,Ohio,254,1521089,16.7,23.1
Black,2011,Oklahoma,50,327715,15.3,30.2
Black,2011,Oregon,13,97912,,
Black,2011,Pennsylvania,153,1521882,10.1,14.2
Black,2011,South Carolina,243,1343297,18.1,26.1
Black,2011,Tennessee,242,1114647,21.7,38.2
Black,2011,Texas,373,3231968,11.5,22.8
Black,2011,Virginia,213,1664318,12.8,19
Black,2011,Washington,41,324542,12.6,34.3
Black,2011,Wisconsin,32,399745,8,22.8
Black,2012,Alabama,193,1302210,14.8,21.2
Black,2012,Arizona,42,336915,12.5,32.2
Black,2012,Arkansas,84,473402,17.7,27.1
Black,2012,California,561,2767389,20.3,30.1
Black,2012,Colorado,42,259561,16.2,39.6
Black,2012,Connecticut,22,426892,5.2,9.5
Black,2012,Delaware,30,211248,14.2,24.8
Black,2012,District of Columbia,77,324476,23.7,19.3
Black,2012,Florida,264,3311596,8,13.1
Black,2012,Georgia,346,3163293,10.9,22.2
Black,2012,Illinois,251,1968408,12.8,17.9
Black,2012,Indiana,95,660228,14.4,24.5
Black,2012,Iowa,16,114463,,
Black,2012,Kansas,23,203096,11.3,20.3
Black,2012,Kentucky,55,377606,14.6,23.7
Black,2012,Louisiana,254,1516716,16.7,26.4
Black,2012,Maryland,158,1822097,8.7,13.8
Black,2012,Massachusetts,46,564804,8.1,14.8
Black,2012,Michigan,187,1488275,12.6,16.9
Black,2012,Mississippi,182,1129882,16.1,25.3
Black,2012,Missouri,97,743924,13,19.9
Black,2012,Nevada,16,271301,,
Black,2012,New Jersey,124,1354962,9.2,13.8
Black,2012,New York,220,3583475,6.1,8
Black,2012,North Carolina,395,2217811,17.8,25.7
Black,2012,Ohio,297,1530803,19.4,25.7
Black,2012,Oklahoma,48,330614,14.5,27.1
Black,2012,Oregon,10,99831,,
Black,2012,Pennsylvania,164,1538330,10.7,14.5
Black,2012,South Carolina,246,1351898,18.2,25.6
Black,2012,Tennessee,223,1131376,19.7,33.9
Black,2012,Texas,361,3313287,10.9,21.3
Black,2012,Virginia,217,1679707,12.9,18.4
Black,2012,Washington,47,333148,14.1,37.9
Black,2012,Wisconsin,23,403754,5.7,14.9
Black,2013,Alabama,207,1307660,15.8,22.3
Black,2013,Arizona,49,347699,14.1,35.3
Black,2013,Arkansas,73,475853,15.3,23.4
Black,2013,California,639,2778851,23,33.1
Black,2013,Colorado,32,266564,12,27.7
Black,2013,Connecticut,35,434310,8.1,14.2
Black,2013,Delaware,27,214516,12.6,20.5
Black,2013,District of Columbia,90,328102,27.4,21.8
Black,2013,Florida,319,3371252,9.5,14.8
Black,2013,Georgia,375,3206522,11.7,22.8
Black,2013,Illinois,253,1965178,12.9,17.4
Black,2013,Indiana,103,669408,15.4,25.9
Black,2013,Iowa,12,119604,,
Black,2013,Kansas,22,205055,10.7,19.5
Black,2013,Kentucky,46,383114,12,19.3
Black,2013,Louisiana,305,1526736,20,31.1
Black,2013,Maryland,140,1844337,7.6,11.2
Black,2013,Massachusetts,47,580805,8.1,14.5
Black,2013,Michigan,229,1485621,15.4,20.6
Black,2013,Minnesota,13,343718,,
Black,2013,Mississippi,173,1133698,15.3,23.1
Black,2013,Missouri,114,749790,15.2,22.9
Black,2013,Nevada,21,278299,7.5,14
Black,2013,New Jersey,111,1366160,8.1,12.1
Black,2013,New York,229,3606924,6.3,8
Black,2013,North Carolina,419,2244173,18.7,26.3
Black,2013,Ohio,265,1544643,17.2,22.6
Black,2013,Oklahoma,37,336487,11,21.3
Black,2013,Pennsylvania,119,1554879,7.7,10.3
Black,2013,South Carolina,247,1362515,18.1,25.3
Black,2013,Tennessee,218,1142045,19.1,32
Black,2013,Texas,414,3386416,12.2,23.3
Black,2013,Virginia,199,1695095,11.7,16.6
Black,2013,Washington,48,344242,13.9,36.9
Black,2013,Wisconsin,33,407587,8.1,21.3
Black,2014,Alabama,311,1317566,23.6,32.3
Black,2014,Arizona,55,360893,15.2,36.8
Black,2014,Arkansas,80,478462,16.7,25.2
Black,2014,California,683,2808562,24.3,34.1
Black,2014,Colorado,39,275766,14.1,31.6
Black,2014,Connecticut,41,440994,9.3,15.7
Black,2014,Delaware,23,217941,10.6,17.3
Black,2014,District of Columbia,79,331672,23.8,19.6
Black,2014,Florida,349,3451906,10.1,15.2
Black,2014,Georgia,475,3260440,14.6,27.9
Black,2014,Illinois,318,1964390,16.2,21.2
Black,2014,Indiana,112,678326,16.5,28.2
Black,2014,Kansas,30,207381,14.5,27
Black,2014,Kentucky,55,388837,14.1,22.3
Black,2014,Louisiana,312,1538168,20.3,30.7
Black,2014,Maryland,168,1868002,9,13.2
Black,2014,Massachusetts,53,601765,8.8,15
Black,2014,Michigan,253,1487623,17,21.8
Black,2014,Minnesota,15,357154,,
Black,2014,Mississippi,214,1137829,18.8,28.1
Black,2014,Missouri,103,755768,13.6,19.7
Black,2014,Nebraska,14,104828,,
Black,2014,Nevada,36,287687,12.5,24.4
Black,2014,New Jersey,123,1381439,8.9,12.7
Black,2014,New York,259,3648167,7.1,8.8
Black,2014,North Carolina,448,2272052,19.7,27.3
Black,2014,Ohio,289,1561477,18.5,24
Black,2014,Oklahoma,43,341243,12.6,25
Black,2014,Pennsylvania,169,1572487,10.7,14.3
Black,2014,South Carolina,317,1374865,23.1,31.1
Black,2014,Tennessee,231,1155583,20,33.3
Black,2014,Texas,501,3471829,14.4,27.1
Black,2014,Virginia,233,1711801,13.6,18.6
Black,2014,Washington,52,355573,14.6,37.6
Black,2014,West Virginia,14,75917,,
Black,2014,Wisconsin,43,411489,10.4,26.9
Black,2015,Alabama,398,1325905,30,40.4
Black,2015,Arizona,68,374864,18.1,42.7
Black,2015,Arkansas,133,481843,27.6,40.5
Black,2015,California,827,2827821,29.2,39.7
Black,2015,Colorado,35,284005,12.3,27.3
Black,2015,Connecticut,43,445929,9.6,15.5
Black,2015,Delaware,36,221986,16.2,23.9
Black,2015,District of Columbia,86,333883,25.8,20.5
Black,2015,Florida,464,3528984,13.1,19.3
Black,2015,Georgia,631,3320419,19,35.2
Black,2015,Illinois,384,1962578,19.6,24.9
Black,2015,Indiana,123,685966,17.9,29.8
Black,2015,Kansas,33,209415,15.8,28.1
Black,2015,Kentucky,68,392826,17.3,26.8
Black,2015,Louisiana,376,1546176,24.3,35.9
Black,2015,Maryland,201,1890111,10.6,15
Black,2015,Massachusetts,42,619655,6.8,11.3
Black,2015,Michigan,303,1489718,20.3,25.3
Black,2015,Minnesota,25,366862,6.8,25.8
Black,2015,Mississippi,269,1140310,23.6,34.8
Black,2015,Missouri,126,761321,16.6,23.7
Black,2015,Nebraska,12,106950,,
Black,2015,Nevada,58,298727,19.4,36.1
Black,2015,New Jersey,156,1392086,11.2,15.4
Black,2015,New York,280,3665284,7.6,9.2
Black,2015,North Carolina,546,2301313,23.7,32.3
Black,2015,Ohio,322,1578549,20.4,25.9
Black,2015,Oklahoma,63,346973,18.2,34.1
Black,2015,Oregon,11,108507,,
Black,2015,Pennsylvania,207,1588739,13,17.1
Black,2015,Rhode Island,13,93775,,
Black,2015,South Carolina,402,1387150,29,38.4
Black,2015,Tennessee,291,1167771,24.9,39.9
Black,2015,Texas,669,3557565,18.8,34.3
Black,2015,Virginia,294,1729691,17,23
Black,2015,Washington,61,366391,16.6,42.1
Black,2015,West Virginia,16,76375,,
Black,2015,Wisconsin,57,415631,13.7,33.9
Black,2016,Alabama,375,1329648,28.2,37.1
Black,2016,Arizona,73,385444,18.9,43.1
Black,2016,Arkansas,127,484598,26.2,38.2
Black,2016,California,854,2829264,30.2,39.8
Black,2016,Colorado,37,289206,12.8,26.4
Black,2016,Connecticut,51,449615,11.3,18.2
Black,2016,Delaware,52,225293,23.1,33.2
Black,2016,District of Columbia,75,334736,22.4,18.1
Black,2016,Florida,434,3597739,12.1,17.1
Black,2016,Georgia,731,3384642,21.6,39
Black,2016,Illinois,399,1953836,20.4,25.4
Black,2016,Indiana,141,692488,20.4,33.1
Black,2016,Iowa,15,135448,,
Black,2016,Kansas,28,206845,13.5,23.2
Black,2016,Kentucky,72,395083,18.2,27.2
Black,2016,Louisiana,431,1554167,27.7,39.9
Black,2016,Maryland,215,1907689,11.3,15.5
Black,2016,Massachusetts,53,634682,8.4,13.7
Black,2016,Michigan,317,1488644,21.3,26
Black,2016,Minnesota,15,383880,,
Black,2016,Mississippi,290,1142681,25.4,36.5
Black,2016,Missouri,141,765154,18.4,25.9
Black,2016,Nebraska,17,108122,,
Black,2016,Nevada,36,313615,11.5,19.7
Black,2016,New Jersey,179,1401290,12.8,17.1
Black,2016,New Mexico,12,62757,,
Black,2016,New York,322,3667316,8.8,10.2
Black,2016,North Carolina,594,2333929,25.5,34.7
Black,2016,Ohio,380,1592236,23.9,30
Black,2016,Oklahoma,77,348988,22.1,40.8
Black,2016,Oregon,12,112667,,
Black,2016,Pennsylvania,200,1599349,12.5,16.2
Black,2016,Rhode Island,11,96458,,
Black,2016,South Carolina,450,1398222,32.2,42.3
Black,2016,Tennessee,290,1177064,24.6,39.3
Black,2016,Texas,697,3634085,19.2,35
Black,2016,Virginia,353,1741448,20.3,27
Black,2016,Washington,49,376367,13,33
Black,2016,West Virginia,12,75405,,
Black,2016,Wisconsin,43,417195,10.3,24.9
Black,2017,Alabama,422,1335240,31.6,41
Black,2017,Arizona,66,397421,16.6,36.7
Black,2017,Arkansas,136,487926,27.9,40.2
Black,2017,California,954,2841787,33.6,43.8
Black,2017,Colorado,45,295430,15.2,33.1
Black,2017,Connecticut,35,456300,7.7,11.6
Black,2017,Delaware,51,230038,22.2,31.7
Black,2017,District of Columbia,85,336542,25.3,20.1
Black,2017,Florida,420,3678445,11.4,16.4
Black,2017,Georgia,777,3447386,22.5,39.3
Black,2017,Illinois,406,1950271,20.8,24.4
Black,2017,Indiana,143,702537,20.4,32.4
Black,2017,Iowa,23,141575,16.2,52.9
Black,2017,Kansas,25,207469,12,21.1
Black,2017,Kentucky,76,401334,18.9,28.7
Black,2017,Louisiana,412,1558498,26.4,37.2
Black,2017,Maryland,261,1926348,13.5,17.7
Black,2017,Massachusetts,44,653142,6.7,10.8
Black,2017,Michigan,316,1493499,21.2,25.7
Black,2017,Minnesota,27,406448,6.6,25.6
Black,2017,Mississippi,319,1142650,27.9,40
Black,2017,Missouri,186,768926,24.2,33.2
Black,2017,Nebraska,18,111036,,
Black,2017,Nevada,42,328672,12.8,24
Black,2017,New Jersey,211,1412387,14.9,19.1
Black,2017,New Mexico,12,63539,,
Black,2017,New York,321,3695842,8.7,9.5
Black,2017,North Carolina,643,2364451,27.2,35.3
Black,2017,Ohio,394,1613123,24.4,30.2
Black,2017,Oklahoma,54,351707,15.4,27
Black,2017,Oregon,13,117380,,
Black,2017,Pennsylvania,227,1617500,14,17.6
Black,2017,South Carolina,452,1409678,32.1,40.9
Black,2017,Tennessee,314,1189804,26.4,41.5
Black,2017,Texas,689,3717259,18.5,33.5
Black,2017,Virginia,336,1760262,19.1,24.5
Black,2017,Washington,42,387793,10.8,28.8
Black,2017,West Virginia,11,74674,,
Black,2017,Wisconsin,52,422159,12.3,27.4
Black,2018,Alabama,424,1338846,31.7,39.3
Black,2018,Arizona,79,413873,19.1,40.7
Black,2018,Arkansas,121,489759,24.7,34.7
Black,2018,California,935,2851095,32.8,41
Black,2018,Colorado,45,303260,14.8,30.1
Black,2018,Connecticut,32,459499,7,9.8
Black,2018,Delaware,58,233113,24.9,34.3
Black,2018,District of Columbia,75,336228,22.3,17
Black,2018,Florida,454,3736443,12.2,16.9
Black,2018,Georgia,855,3499496,24.4,41.2
Black,2018,Illinois,394,1940291,20.3,23.1
Black,2018,Indiana,135,713302,18.9,29.1
Black,2018,Iowa,15,146954,,
Black,2018,Kansas,28,207156,13.5,21.8
Black,2018,Kentucky,51,405485,12.6,19.1
Black,2018,Louisiana,446,1557173,28.6,38.7
Black,2018,Maryland,201,1932392,10.4,13.3
Black,2018,Massachusetts,48,669506,7.2,11.4
Black,2018,Michigan,276,1496029,18.4,21.7
Black,2018,Minnesota,25,423054,5.9,20.4
Black,2018,Mississippi,305,1145398,26.6,36.9
Black,2018,Missouri,190,772024,24.6,32.7
Black,2018,Nebraska,20,113369,17.6,39.9
Black,2018,Nevada,47,341394,13.8,25.6
Black,2018,New Jersey,209,1404125,14.9,18.5
Black,2018,New York,332,3634305,9.1,9.6
Black,2018,North Carolina,646,2394548,27,34.7
Black,2018,Ohio,352,1630541,21.6,26.4
Black,2018,Oklahoma,66,353715,18.7,32.1
Black,2018,Oregon,14,121398,,
Black,2018,Pennsylvania,191,1632313,11.7,14.7
Black,2018,Rhode Island,13,99936,,
Black,2018,South Carolina,448,1418868,31.6,39
Black,2018,Tennessee,272,1198663,22.7,34.1
Black,2018,Texas,759,3803248,20,35.4
Black,2018,Virginia,354,1773427,20,24.9
Black,2018,Washington,51,403402,12.6,32.8
Black,2018,West Virginia,10,75210,,
Black,2018,Wisconsin,49,427026,11.5,25
Black,2019,Alabama,417,1342306,31.1,38.3
Black,2019,Arizona,83,428589,19.4,40.9
Black,2019,Arkansas,130,491009,26.5,35.9
Black,2019,California,992,2853140,34.8,42.1
Black,2019,Colorado,54,309178,17.5,33.5
Black,2019,Connecticut,46,465439,9.9,14.3
Black,2019,Delaware,47,236868,19.8,26.9
Black,2019,District of Columbia,48,334846,14.3,11.1
Black,2019,Florida,430,3774446,11.4,15.3
Black,2019,Georgia,875,3549778,24.6,39.9
Black,2019,Illinois,384,1934399,19.9,22.1
Black,2019,Indiana,127,726166,17.5,26.6
Black,2019,Iowa,10,150737,,
Black,2019,Kansas,15,207755,,
Black,2019,Kentucky,67,408675,16.4,24.4
Black,2019,Louisiana,430,1556514,27.6,36.3
Black,2019,Maryland,213,1944767,11,13.3
Black,2019,Massachusetts,47,675621,7,10.6
Black,2019,Michigan,311,1497477,20.8,23.9
Black,2019,Minnesota,21,439435,4.8,16.7
Black,2019,Mississippi,360,1141493,31.5,43.5
Black,2019,Missouri,187,774069,24.2,31.2
Black,2019,Nebraska,18,115754,,
Black,2019,Nevada,48,353548,13.6,23.2
Black,2019,New Jersey,221,1404990,15.7,18.9
Black,2019,New Mexico,13,66216,,
Black,2019,New York,373,3611420,10.3,10.4
Black,2019,North Carolina,746,2421439,30.8,38.5
Black,2019,Ohio,368,1640963,22.4,27.1
Black,2019,Oklahoma,80,355533,22.5,37
Black,2019,Oregon,13,123019,,
Black,2019,Pennsylvania,195,1643677,11.9,14.6
Black,2019,Rhode Island,11,101969,,
Black,2019,South Carolina,421,1428188,29.5,35.6
Black,2019,Tennessee,273,1209147,22.6,34
Black,2019,Texas,786,3873093,20.3,35.1
Black,2019,Virginia,362,1781520,20.3,24.7
Black,2019,Washington,61,414916,14.7,36.1
Black,2019,West Virginia,15,74683,,
Black,2019,Wisconsin,57,429528,13.3,28.6
Black,2020,Alabama,511,1350111,37.8,45.8
Black,2020,Arizona,89,450623,19.8,40.1
Black,2020,Arkansas,167,494526,33.8,45.3
Black,2020,California,1158,2871450,40.3,47.5
Black,2020,Colorado,71,316428,22.4,43.6
Black,2020,Connecticut,38,476687,8,11.1
Black,2020,Delaware,72,242960,29.6,37.8
Black,2020,District of Columbia,55,335168,16.4,13.2
Black,2020,Florida,548,3840185,14.3,18.5
Black,2020,Georgia,1008,3606257,28,43.7
Black,2020,Illinois,526,1937515,27.1,29.6
Black,2020,Indiana,164,741160,22.1,33.6
Black,2020,Iowa,22,156619,14,45.7
Black,2020,Kansas,37,210495,17.6,29.1
Black,2020,Kentucky,65,413976,15.7,23.1
Black,2020,Louisiana,486,1561145,31.1,39.3
Black,2020,Maryland,255,1963360,13,15.3
Black,2020,Massachusetts,61,689362,8.8,13
Black,2020,Michigan,391,1499982,26.1,29.7
Black,2020,Minnesota,30,456060,6.6,22.5
Black,2020,Mississippi,424,1141283,37.2,49.7
Black,2020,Missouri,207,776770,26.6,33.8
Black,2020,Nebraska,25,118129,21.2,45.3
Black,2020,Nevada,83,368812,22.5,38
Black,2020,New Jersey,231,1421916,16.2,19.3
Black,2020,New Mexico,12,68577,,
Black,2020,New York,341,3604597,9.5,9.4
Black,2020,North Carolina,740,2453861,30.2,37
Black,2020,Ohio,470,1658318,28.3,33.5
Black,2020,Oklahoma,75,361521,20.7,34.7
Black,2020,Oregon,20,125990,15.9,39.3
Black,2020,Pennsylvania,269,1660533,16.2,19.7
Black,2020,Rhode Island,17,104211,,
Black,2020,South Carolina,458,1441509,31.8,37.4
Black,2020,Tennessee,313,1219237,25.7,37.5
Black,2020,Texas,981,3984144,24.6,42.8
Black,2020,Virginia,450,1801495,25,30.2
Black,2020,Washington,53,430125,12.3,30.6
Black,2020,West Virginia,11,75782,,
Black,2020,Wisconsin,67,435275,15.4,31.9
White,1999,Alabama,669,3211308,20.8,19.5
White,1999,Alaska,18,462052,,
White,1999,Arizona,938,4460582,21,21.1
White,1999,Arkansas,407,2187944,18.6,15.8
White,1999,California,4232,26492434,16,17.9
White,1999,Colorado,728,3882901,18.7,24.3
White,1999,Connecticut,436,2944775,14.8,11.6
White,1999,Delaware,100,601213,16.6,15.8
White,1999,District of Columbia,24,197359,12.2,12.7
White,1999,Florida,2922,12978723,22.5,14.5
White,1999,Georgia,929,5503608,16.9,20.5
White,1999,Hawaii,47,362728,13,16.8
White,1999,Idaho,243,1236009,19.7,21.5
White,1999,Illinois,1779,9951765,17.9,16.4
White,1999,Indiana,1056,5439927,19.4,19.1
White,1999,Iowa,701,2806468,25,18.2
White,1999,Kansas,495,2435163,20.3,16.6
White,1999,Kentucky,713,3676835,19.4,20
White,1999,Louisiana,580,2915561,19.9,20.1
White,1999,Maine,428,1241976,34.5,29.7
White,1999,Maryland,600,3511643,17.1,16.6
White,1999,Massachusetts,1155,5632754,20.5,16.7
White,1999,Michigan,1350,8186898,16.5,16.1
White,1999,Minnesota,1068,4484942,23.8,21.1
White,1999,Mississippi,294,1760835,16.7,15.2
White,1999,Missouri,868,4824973,18,15.3
White,1999,Montana,204,830780,24.6,21.6
White,1999,Nebraska,328,1594738,20.6,16.5
White,1999,Nevada,165,1657752,10,13.9
White,1999,New Hampshire,265,1192000,22.2,23.2
White,1999,New Jersey,974,6609191,14.7,12.3
White,1999,New Mexico,238,1563421,15.2,16.8
White,1999,New York,1305,14235763,9.2,7.7
White,1999,North Carolina,1268,5970867,21.2,21.9
White,1999,North Dakota,155,604999,25.6,18.3
White,1999,Ohio,1951,9816458,19.9,18.3
White,1999,Oklahoma,515,2800181,18.4,15.8
White,1999,Oregon,854,3154256,27.1,24.3
White,1999,Pennsylvania,2106,10734583,19.6,14.8
White,1999,Rhode Island,212,945387,22.4,16.8
White,1999,South Carolina,586,2729841,21.5,22.7
White,1999,South Dakota,153,678197,22.6,16.4
White,1999,Tennessee,866,4625327,18.7,18.5
White,1999,Texas,2671,17358613,15.4,19.3
White,1999,Utah,245,2092488,11.7,17.6
White,1999,Vermont,127,593357,21.4,20.6
White,1999,Virginia,810,5282184,15.3,16.8
White,1999,Washington,1542,5138607,30,30.5
White,1999,West Virginia,305,1740096,17.5,15
White,1999,Wisconsin,1151,4874589,23.6,20
White,1999,Wyoming,101,472739,21.4,23.7
White,2000,Alabama,757,3218218,23.5,21.8
White,2000,Alaska,39,460782,8.5,23.3
White,2000,Arizona,1024,4554233,22.5,22.5
White,2000,Arkansas,403,2203157,18.3,15.5
White,2000,California,4108,26748991,15.4,17
White,2000,Colorado,698,3941906,17.7,22.9
White,2000,Connecticut,517,2953244,17.5,13.5
White,2000,Delaware,98,605429,16.2,15.3
White,2000,District of Columbia,24,198984,12.1,12
White,2000,Florida,3099,13132090,23.6,15.1
White,2000,Georgia,1077,5572036,19.3,23.5
White,2000,Hawaii,35,360274,9.7,12.1
White,2000,Idaho,261,1250538,20.9,22.7
White,2000,Illinois,2003,9981520,20.1,18.3
White,2000,Indiana,1169,5460032,21.4,20.9
White,2000,Iowa,765,2805323,27.3,19.8
White,2000,Kansas,615,2437323,25.2,20.5
White,2000,Kentucky,817,3690141,22.1,22.7
White,2000,Louisiana,665,2912011,22.8,22.6
White,2000,Maine,465,1247712,37.3,31.7
White,2000,Maryland,713,3522415,20.2,19.3
White,2000,Massachusetts,1404,5642547,24.9,20.1
White,2000,Michigan,1548,8205268,18.9,18.2
White,2000,Minnesota,1139,4506574,25.3,22.3
White,2000,Mississippi,361,1770126,20.4,18.6
White,2000,Missouri,1045,4841938,21.6,18.3
White,2000,Montana,216,832467,25.9,22.6
White,2000,Nebraska,348,1594895,21.8,17.5
White,2000,Nevada,190,1705295,11.1,15.3
White,2000,New Hampshire,273,1202862,22.7,23.5
White,2000,New Jersey,1178,6629830,17.8,14.7
White,2000,New Mexico,266,1565780,17,18.4
White,2000,New York,1463,14263541,10.3,8.4
White,2000,North Carolina,1507,6037509,25,25.7
White,2000,North Dakota,209,600226,34.8,24.3
White,2000,Ohio,2153,9812402,21.9,20
White,2000,Oklahoma,608,2803557,21.7,18.5
White,2000,Oregon,894,3172360,28.2,25.2
White,2000,Pennsylvania,2468,10725447,23,17.1
White,2000,Rhode Island,235,949046,24.8,18.2
White,2000,South Carolina,739,2754751,26.8,27.7
White,2000,South Dakota,178,678523,26.2,18.8
White,2000,Tennessee,923,4657382,19.8,19.5
White,2000,Texas,2962,17575478,16.9,21.1
White,2000,Utah,338,2117025,16,23.8
White,2000,Vermont,133,595963,22.3,21.2
White,2000,Virginia,969,5324398,18.2,19.8
White,2000,Washington,1761,5166838,34.1,34.3
White,2000,West Virginia,349,1732909,20.1,17.2
White,2000,Wisconsin,1152,4891131,23.6,19.9
White,2000,Wyoming,99,473335,20.9,22.8
White,2001,Alabama,941,3225628,29.2,26.9
White,2001,Alaska,41,463818,8.8,22.9
White,2001,Arizona,1076,4669299,23,23
White,2001,Arkansas,418,2214656,18.9,16
White,2001,California,4585,27098184,16.9,18.6
White,2001,Colorado,836,4046133,20.7,26.8
White,2001,Connecticut,550,2965228,18.5,14.1
White,2001,Delaware,127,610442,20.8,19.1
White,2001,District of Columbia,41,204684,20,21.4
White,2001,Florida,3502,13392855,26.1,16.8
White,2001,Georgia,1226,5668444,21.6,26.3
White,2001,Hawaii,46,365535,12.6,15.4
White,2001,Idaho,293,1273704,23,24.9
White,2001,Illinois,1988,10015499,19.8,18
White,2001,Indiana,1175,5488228,21.4,20.7
White,2001,Iowa,860,2805838,30.7,22
White,2001,Kansas,619,2444755,25.3,20.5
White,2001,Kentucky,929,3707359,25.1,25.6
White,2001,Louisiana,795,2910410,27.3,26.8
White,2001,Maine,470,1256397,37.4,31.4
White,2001,Maryland,810,3546882,22.8,21.5
White,2001,Massachusetts,1484,5655031,26.2,21
White,2001,Michigan,1705,8230173,20.7,19.7
White,2001,Minnesota,1160,4544899,25.5,22.3
White,2001,Mississippi,367,1771836,20.7,18.9
White,2001,Missouri,1058,4870383,21.7,18.2
White,2001,Montana,248,835441,29.7,25.3
White,2001,Nebraska,420,1598826,26.3,20.9
White,2001,Nevada,202,1777260,11.4,15.5
White,2001,New Hampshire,302,1218748,24.8,25.5
White,2001,New Jersey,1279,6652117,19.2,15.7
White,2001,New Mexico,287,1572453,18.3,19.2
White,2001,New York,1637,14281400,11.5,9.3
White,2001,North Carolina,1555,6141590,25.3,25.8
White,2001,North Dakota,223,595709,37.4,25.7
White,2001,Ohio,2221,9816057,22.6,20.3
White,2001,Oklahoma,635,2807711,22.6,19.4
White,2001,Oregon,1016,3206792,31.7,27.9
White,2001,Pennsylvania,2619,10707684,24.5,17.9
White,2001,Rhode Island,246,953319,25.8,19
White,2001,South Carolina,706,2789474,25.3,25.9
White,2001,South Dakota,155,679387,22.8,16.2
White,2001,Tennessee,1043,4696634,22.2,21.7
White,2001,Texas,3209,17922031,17.9,22.6
White,2001,Utah,311,2161013,14.4,21.3
White,2001,Vermont,149,598383,24.9,23.4
White,2001,Virginia,1053,5394417,19.5,21.1
White,2001,Washington,1987,5223085,38,37.8
White,2001,West Virginia,384,1725478,22.3,18.9
White,2001,Wisconsin,1247,4918108,25.4,21.2
White,2001,Wyoming,112,473249,23.7,25.3
White,2002,Alabama,1032,3229712,32,29.4
White,2002,Alaska,54,468708,11.5,29
White,2002,Arizona,1400,4766279,29.4,29.3
White,2002,Arkansas,516,2224117,23.2,19.6
White,2002,California,5026,27309018,18.4,20.1
White,2002,Colorado,932,4097747,22.7,29.4
White,2002,Connecticut,554,2975939,18.6,13.8
White,2002,Delaware,119,615028,19.3,17.6
White,2002,District of Columbia,40,206332,19.4,20.7
White,2002,Florida,3833,13623576,28.1,18.2
White,2002,Georgia,1315,5727405,23,27.7
White,2002,Hawaii,50,371782,13.4,16.2
White,2002,Idaho,317,1291938,24.5,26.3
White,2002,Illinois,2216,10028334,22.1,19.9
White,2002,Indiana,1402,5501795,25.5,24.4
White,2002,Iowa,890,2803526,31.7,22.6
White,2002,Kansas,730,2450143,29.8,24.1
White,2002,Kentucky,977,3722159,26.2,26.8
White,2002,Louisiana,948,2916968,32.5,31.7
White,2002,Maine,512,1264617,40.5,33.7
White,2002,Maryland,717,3566844,20.1,18.6
White,2002,Massachusetts,1539,5648553,27.2,21.6
White,2002,Michigan,1838,8237822,22.3,20.8
White,2002,Minnesota,1184,4561120,26,22.5
White,2002,Mississippi,485,1773296,27.4,24.9
White,2002,Missouri,1143,4891238,23.4,19.7
White,2002,Montana,278,838973,33.1,27.8
White,2002,Nebraska,450,1603540,28.1,22.2
White,2002,Nevada,241,1828699,13.2,17.9
White,2002,New Hampshire,310,1229485,25.2,25.7
White,2002,New Jersey,1427,6667078,21.4,17.3
White,2002,New Mexico,312,1589442,19.6,20.5
White,2002,New York,1713,14276260,12,9.6
White,2002,North Carolina,1706,6214771,27.5,27.8
White,2002,North Dakota,292,593517,49.2,33.8
White,2002,Ohio,2417,9812513,24.6,21.8
White,2002,Oklahoma,706,2818258,25.1,21.6
White,2002,Oregon,1099,3242079,33.9,29.8
White,2002,Pennsylvania,2707,10705281,25.3,18.2
White,2002,Rhode Island,260,957652,27.1,19.7
White,2002,South Carolina,811,2820732,28.8,29.3
White,2002,South Dakota,165,679515,24.3,17.1
White,2002,Tennessee,1184,4723797,25.1,24.5
White,2002,Texas,3562,18192259,19.6,24.8
White,2002,Utah,301,2196834,13.7,20.2
White,2002,Vermont,163,600887,27.1,25.4
White,2002,Virginia,1211,5444069,22.2,23.7
White,2002,Washington,2135,5262109,40.6,40
White,2002,West Virginia,398,1728416,23,19.5
White,2002,Wisconsin,1321,4942435,26.7,22.2
White,2002,Wyoming,120,477938,25.1,26.9
White,2003,Alabama,1064,3241836,32.8,30.1
White,2003,Alaska,49,471541,10.4,26.2
White,2003,Arizona,1659,4854518,34.2,33.5
White,2003,Arkansas,501,2237427,22.4,19
White,2003,California,6112,27511542,22.2,24
White,2003,Colorado,878,4127630,21.3,26.9
White,2003,Connecticut,601,2986138,20.1,14.6
White,2003,Delaware,130,620499,21,18.6
White,2003,District of Columbia,28,206505,13.6,14.6
White,2003,Florida,4096,13838602,29.6,19.2
White,2003,Georgia,1395,5776586,24.1,29
White,2003,Hawaii,49,375506,13,15.1
White,2003,Idaho,353,1312571,26.9,28.5
White,2003,Illinois,2398,10037309,23.9,21.2
White,2003,Indiana,1440,5526320,26.1,24.7
White,2003,Iowa,878,2806004,31.3,22.1
White,2003,Kansas,754,2454735,30.7,24.8
White,2003,Kentucky,1042,3743343,27.8,28.4
White,2003,Louisiana,987,2926521,33.7,32.5
White,2003,Maine,461,1272827,36.2,29.9
White,2003,Maryland,739,3579519,20.6,18.7
White,2003,Massachusetts,1579,5630854,28,21.8
White,2003,Michigan,2016,8245792,24.4,22.3
White,2003,Minnesota,1224,4576328,26.7,22.8
White,2003,Mississippi,460,1776834,25.9,23.5
White,2003,Missouri,1240,4913336,25.2,21.2
White,2003,Montana,232,845586,27.4,22.9
White,2003,Nebraska,456,1609719,28.3,22.4
White,2003,Nevada,288,1880102,15.3,20
White,2003,New Hampshire,285,1237630,23,23.1
White,2003,New Jersey,1555,6674697,23.3,18.5
White,2003,New Mexico,339,1605625,21.1,21.8
White,2003,New York,1758,14263472,12.3,9.7
White,2003,North Carolina,1870,6271850,29.8,29.6
White,2003,North Dakota,336,592924,56.7,38
White,2003,Ohio,2709,9814964,27.6,24
White,2003,Oklahoma,742,2824128,26.3,22.7
White,2003,Oregon,1132,3267254,34.6,29.9
White,2003,Pennsylvania,2838,10711817,26.5,18.8
White,2003,Rhode Island,295,958870,30.8,22
White,2003,South Carolina,897,2850639,31.5,31.5
White,2003,South Dakota,173,681095,25.4,17.8
White,2003,Tennessee,1341,4757541,28.2,27.6
White,2003,Texas,3731,18440940,20.2,25.6
White,2003,Utah,330,2227843,14.8,21.7
White,2003,Vermont,171,602530,28.4,26.1
White,2003,Virginia,1292,5487553,23.5,24.7
White,2003,Washington,2304,5289159,43.6,42.3
White,2003,West Virginia,459,1733784,26.5,22.4
White,2003,Wisconsin,1379,4963767,27.8,22.6
White,2003,Wyoming,139,480960,28.9,30.7
White,2004,Alabama,1162,3255811,35.7,32.7
White,2004,Alaska,45,478466,9.4,21.7
White,2004,Arizona,1629,4965804,32.8,32.1
White,2004,Arkansas,582,2255345,25.8,21.9
White,2004,California,6355,27663667,23,24.7
White,2004,Colorado,879,4160952,21.1,26.2
White,2004,Connecticut,655,2986255,21.9,15.8
White,2004,Delaware,138,626833,22,19.1
White,2004,District of Columbia,53,210252,25.2,27.8
White,2004,Florida,4086,14131892,28.9,18.8
White,2004,Georgia,1440,5841377,24.7,29.5
White,2004,Hawaii,62,383013,16.2,18.4
White,2004,Idaho,342,1338380,25.6,27
White,2004,Illinois,2321,10047833,23.1,20.4
White,2004,Indiana,1475,5546480,26.6,25
White,2004,Iowa,958,2812023,34.1,23.9
White,2004,Kansas,738,2460978,30,24
White,2004,Kentucky,943,3763011,25.1,25.5
White,2004,Louisiana,1035,2940900,35.2,33.9
White,2004,Maine,508,1278082,39.7,32.6
White,2004,Maryland,736,3585789,20.5,18.3
White,2004,Massachusetts,1630,5600102,29.1,22.4
White,2004,Michigan,2099,8246288,25.5,22.9
White,2004,Minnesota,1220,4589934,26.6,22.5
White,2004,Mississippi,521,1786952,29.2,26.4
White,2004,Missouri,1308,4937590,26.5,22.2
White,2004,Montana,228,854417,26.7,21.9
White,2004,Nebraska,453,1616304,28,22.2
White,2004,Nevada,273,1947914,14,18.7
White,2004,New Hampshire,329,1245528,26.4,25.9
White,2004,New Jersey,1612,6670703,24.2,19
White,2004,New Mexico,317,1625510,19.5,20.1
White,2004,New York,1867,14222791,13.1,10.3
White,2004,North Carolina,1883,6355906,29.6,29.3
White,2004,North Dakota,312,596952,52.3,34.7
White,2004,Ohio,2710,9810680,27.6,23.8
White,2004,Oklahoma,799,2833383,28.2,24.4
White,2004,Oregon,1249,3281938,38.1,32.4
White,2004,Pennsylvania,3155,10708454,29.5,20.7
White,2004,Rhode Island,277,958378,28.9,20.3
White,2004,South Carolina,1033,2894711,35.7,35.3
White,2004,South Dakota,237,685440,34.6,23.7
White,2004,Tennessee,1461,4799162,30.4,29.6
White,2004,Texas,3995,18705854,21.4,27
White,2004,Utah,373,2264136,16.5,24
White,2004,Vermont,173,603896,28.6,26
White,2004,Virginia,1281,5550005,23.1,23.9
White,2004,Washington,2166,5334934,40.6,38.9
White,2004,West Virginia,482,1736570,27.8,23.5
White,2004,Wisconsin,1398,4986571,28,22.7
White,2004,Wyoming,104,485888,21.4,22.5
White,2005,Alabama,1282,3279048,39.1,35.4
White,2005,Alaska,47,482692,9.7,21.9
White,2005,Arizona,1772,5111992,34.7,33.4
White,2005,Arkansas,621,2278997,27.2,23.1
White,2005,California,7026,27746395,25.3,26.5
White,2005,Colorado,1027,4206548,24.4,29.7
White,2005,Connecticut,750,2984742,25.1,17.6
White,2005,Delaware,164,633398,25.9,21.9
White,2005,District of Columbia,38,215554,17.6,19.8
White,2005,Florida,4351,14428647,30.2,19.6
White,2005,Georgia,1496,5911406,25.3,29.6
White,2005,Hawaii,61,391585,15.6,17.7
White,2005,Idaho,404,1371294,29.5,30.9
White,2005,Illinois,2546,10046377,25.3,22
White,2005,Indiana,1559,5574542,28,26
White,2005,Iowa,1075,2816975,38.2,26.6
White,2005,Kansas,879,2467205,35.6,28.1
White,2005,Kentucky,1113,3790752,29.4,29.4
White,2005,Louisiana,1146,2951023,38.8,36.9
White,2005,Maine,475,1281091,37.1,30
White,2005,Maryland,804,3587986,22.4,19.4
White,2005,Massachusetts,1595,5570042,28.6,21.5
White,2005,Michigan,2239,8231910,27.2,24
White,2005,Minnesota,1303,4600739,28.3,23.6
White,2005,Mississippi,594,1794500,33.1,29.4
White,2005,Missouri,1544,4965900,31.1,25.9
White,2005,Montana,265,862916,30.7,24.9
White,2005,Nebraska,467,1624229,28.8,22.5
White,2005,Nevada,293,2002853,14.6,18.9
White,2005,New Hampshire,374,1251338,29.9,28.4
White,2005,New Jersey,1685,6654085,25.3,19.6
White,2005,New Mexico,321,1648132,19.5,19.7
White,2005,New York,1937,14146723,13.7,10.5
White,2005,North Carolina,2100,6456650,32.5,31.7
White,2005,North Dakota,283,596748,47.4,31.4
White,2005,Ohio,3175,9798651,32.4,27.4
White,2005,Oklahoma,914,2845221,32.1,27.7
White,2005,Oregon,1222,3315027,36.9,31
White,2005,Pennsylvania,3286,10707324,30.7,21.2
White,2005,Rhode Island,294,949218,31,21.2
White,2005,South Carolina,1107,2938716,37.7,36.8
White,2005,South Dakota,287,688470,41.7,28.6
White,2005,Tennessee,1861,4856223,38.3,36.9
White,2005,Texas,4246,18980757,22.4,27.8
White,2005,Utah,360,2313863,15.6,22.5
White,2005,Vermont,183,604380,30.3,27.1
White,2005,Virginia,1322,5605707,23.6,24.1
White,2005,Washington,2229,5383048,41.4,39.2
White,2005,West Virginia,494,1739381,28.4,23.8
White,2005,Wisconsin,1467,5005823,29.3,23.4
White,2005,Wyoming,108,490272,22,22.8
White,2006,Alabama,1286,3314160,38.8,34.7
White,2006,Alaska,61,487954,12.5,27.4
White,2006,Arizona,2013,5255478,38.3,36.5
White,2006,Arkansas,715,2308449,31,26
White,2006,California,7432,27773583,26.8,27.5
White,2006,Colorado,1024,4278464,23.9,28.3
White,2006,Connecticut,702,2982114,23.5,16.2
White,2006,Delaware,173,640053,27,22.5
White,2006,District of Columbia,41,221264,18.5,20.5
White,2006,Florida,4405,14634243,30.1,19.5
White,2006,Georgia,1528,6014480,25.4,29.1
White,2006,Hawaii,60,399166,15,16.5
White,2006,Idaho,395,1408456,28,29.1
White,2006,Illinois,2537,10054436,25.2,21.7
White,2006,Indiana,1627,5608431,29,26.5
White,2006,Iowa,1110,2828308,39.2,27
White,2006,Kansas,808,2478392,32.6,25.3
White,2006,Kentucky,1096,3819323,28.7,28.2
White,2006,Louisiana,1057,2834087,37.3,34.8
White,2006,Maine,475,1284124,37,29.3
White,2006,Maryland,751,3584885,20.9,17.7
White,2006,Massachusetts,1506,5553858,27.1,20.1
White,2006,Michigan,2190,8208506,26.7,22.9
White,2006,Minnesota,1283,4620491,27.8,22.8
White,2006,Mississippi,594,1782659,33.3,29.3
White,2006,Missouri,1552,5002188,31,25.7
White,2006,Montana,223,874054,25.5,20.2
White,2006,Nebraska,491,1630684,30.1,23.4
White,2006,Nevada,263,2060010,12.8,16.6
White,2006,New Hampshire,371,1258795,29.5,27.3
White,2006,New Jersey,1573,6632976,23.7,17.9
White,2006,New Mexico,342,1672039,20.5,20.4
White,2006,New York,1911,14077386,13.6,10.3
White,2006,North Carolina,1943,6600137,29.4,28.1
White,2006,North Dakota,314,598442,52.5,34.4
White,2006,Ohio,3284,9793409,33.5,27.7
White,2006,Oklahoma,856,2873569,29.8,25.4
White,2006,Oregon,1216,3360395,36.2,29.9
White,2006,Pennsylvania,3174,10724159,29.6,20.1
White,2006,Rhode Island,291,942374,30.9,20.6
White,2006,South Carolina,1145,3003350,38.1,36.3
White,2006,South Dakota,328,693610,47.3,31.6
White,2006,Tennessee,1926,4926508,39.1,36.9
White,2006,Texas,4528,19346962,23.4,28.7
White,2006,Utah,384,2374257,16.2,22.9
White,2006,Vermont,185,605116,30.6,26.6
White,2006,Virginia,1392,5654946,24.6,24.5
White,2006,Washington,2373,5458060,43.5,40.1
White,2006,West Virginia,488,1744654,28,23.1
White,2006,Wisconsin,1555,5024117,31,24.4
White,2006,Wyoming,111,497710,22.3,22.9
White,2007,Alabama,1274,3340633,38.1,33.7
White,2007,Alaska,56,490413,11.4,24.7
White,2007,Arizona,1988,5354405,37.1,34.8
White,2007,Arkansas,754,2328952,32.4,27
White,2007,California,7725,27832336,27.8,27.9
White,2007,Colorado,1075,4346486,24.7,28.7
White,2007,Connecticut,736,2979313,24.7,16.8
White,2007,Delaware,182,645106,28.2,22.8
White,2007,District of Columbia,54,228646,23.6,27.2
White,2007,Florida,4377,14750985,29.7,18.9
White,2007,Georgia,1592,6101972,26.1,29.5
White,2007,Hawaii,84,397872,21.1,22.5
White,2007,Idaho,410,1441249,28.4,29.4
White,2007,Illinois,2470,10078343,24.5,20.8
White,2007,Indiana,1581,5637322,28,25.2
White,2007,Iowa,1192,2837532,42,28.8
White,2007,Kansas,829,2492659,33.3,25.8
White,2007,Kentucky,1156,3846623,30.1,29.3
White,2007,Louisiana,1106,2861100,38.7,35.6
White,2007,Maine,468,1285828,36.4,28.2
White,2007,Maryland,721,3578891,20.1,16.5
White,2007,Massachusetts,1651,5552029,29.7,21.7
White,2007,Michigan,2303,8170744,28.2,23.5
White,2007,Minnesota,1157,4640023,24.9,20
White,2007,Mississippi,645,1792287,36,31.3
White,2007,Missouri,1588,5033689,31.5,25.9
White,2007,Montana,254,884439,28.7,22.6
White,2007,Nebraska,501,1637196,30.6,23.5
White,2007,Nevada,232,2107687,11,14
White,2007,New Hampshire,418,1261147,33.1,29.8
White,2007,New Jersey,1689,6615252,25.5,18.8
White,2007,New Mexico,308,1693476,18.2,17.6
White,2007,New York,1865,14051624,13.3,9.9
White,2007,North Carolina,2119,6733129,31.5,29.6
White,2007,North Dakota,389,600351,64.8,41.9
White,2007,Ohio,3381,9789179,34.5,27.9
White,2007,Oklahoma,864,2897699,29.8,25.4
White,2007,Oregon,1177,3399653,34.6,28.2
White,2007,Pennsylvania,3360,10735235,31.3,20.9
White,2007,Rhode Island,322,934336,34.5,22.5
White,2007,South Carolina,1150,3068677,37.5,34.9
White,2007,South Dakota,340,699485,48.6,32.2
White,2007,Tennessee,2061,4992038,41.3,38.6
White,2007,Texas,4435,19694301,22.5,27.3
White,2007,Utah,389,2437796,16,22.5
White,2007,Vermont,204,604985,33.7,28.7
White,2007,Virginia,1472,5692111,25.9,25.2
White,2007,Washington,2582,5514266,46.8,42.8
White,2007,West Virginia,524,1749103,30,24.4
White,2007,Wisconsin,1613,5043468,32,24.7
White,2007,Wyoming,110,508757,21.6,22.3
White,2008,Alabama,1288,3366536,38.3,33.6
White,2008,Alaska,65,493965,13.2,27.7
White,2008,Arizona,2018,5429954,37.2,34.3
White,2008,Arkansas,814,2346846,34.7,28.9
White,2008,California,9083,27990346,32.5,32
White,2008,Colorado,1304,4414527,29.5,33.6
White,2008,Connecticut,804,2984016,26.9,18.1
White,2008,Delaware,187,650311,28.8,22.7
White,2008,District of Columbia,56,235420,23.8,27.2
White,2008,Florida,4480,14832937,30.2,18.9
White,2008,Georgia,1642,6165916,26.6,29.5
White,2008,Hawaii,78,403775,19.3,20.2
White,2008,Idaho,387,1467743,26.4,27.2
White,2008,Illinois,2923,10102663,28.9,24.3
White,2008,Indiana,1900,5664810,33.5,29.9
White,2008,Iowa,1320,2847918,46.3,31.6
White,2008,Kansas,925,2508363,36.9,28.8
White,2008,Kentucky,1320,3872310,34.1,32.8
White,2008,Louisiana,1116,2883647,38.7,35.3
White,2008,Maine,449,1287317,34.9,26.4
White,2008,Maryland,819,3579667,22.9,18.4
White,2008,Massachusetts,1782,5562217,32,23
White,2008,Michigan,2581,8118649,31.8,26
White,2008,Minnesota,1322,4657575,28.4,22.5
White,2008,Mississippi,753,1799399,41.8,36.3
White,2008,Missouri,1922,5057536,38,30.9
White,2008,Montana,287,894799,32.1,25.4
White,2008,Nebraska,602,1644461,36.6,27.5
White,2008,Nevada,264,2135244,12.4,15.4
White,2008,New Hampshire,391,1262351,31,27.5
White,2008,New Jersey,1737,6611708,26.3,19
White,2008,New Mexico,357,1707457,20.9,19.9
White,2008,New York,2143,14057786,15.2,11.2
White,2008,North Carolina,2249,6856233,32.8,30.6
White,2008,North Dakota,307,603568,50.9,32.9
White,2008,Ohio,3986,9781972,40.7,32.4
White,2008,Oklahoma,995,2917406,34.1,28.9
White,2008,Oregon,1284,3434397,37.4,30.4
White,2008,Pennsylvania,3700,10743098,34.4,22.6
White,2008,Rhode Island,352,929381,37.9,24.7
White,2008,South Carolina,1256,3129618,40.1,36.9
White,2008,South Dakota,395,704618,56.1,37.7
White,2008,Tennessee,2198,5046296,43.6,40.4
White,2008,Texas,4911,20037899,24.5,29.5
White,2008,Utah,400,2495003,16,22.6
White,2008,Vermont,216,605092,35.7,29.7
White,2008,Virginia,1523,5733461,26.6,25.5
White,2008,Washington,2987,5577318,53.6,48.4
White,2008,West Virginia,647,1753592,36.9,29.8
White,2008,Wisconsin,1614,5060201,31.9,24.4
White,2008,Wyoming,124,519057,23.9,24.5
White,2009,Alabama,1285,3389202,37.9,32.9
White,2009,Alaska,59,499867,11.8,23.9
White,2009,Arizona,2027,5464047,37.1,33.3
White,2009,Arkansas,807,2361582,34.2,28.2
White,2009,California,8897,28147510,31.6,30.5
White,2009,Colorado,1270,4478565,28.4,31.6
White,2009,Connecticut,745,2985844,25,16.6
White,2009,Delaware,142,652605,21.8,16.9
White,2009,District of Columbia,37,247187,15,17.5
White,2009,Florida,4322,14894191,29,17.8
White,2009,Georgia,1574,6204180,25.4,27.7
White,2009,Hawaii,74,406833,18.2,18.3
White,2009,Idaho,369,1485165,24.8,25.1
White,2009,Illinois,2584,10123738,25.5,21.2
White,2009,Indiana,1801,5681764,31.7,27.8
White,2009,Iowa,1249,2856456,43.7,29.8
White,2009,Kansas,774,2525097,30.7,24.1
White,2009,Kentucky,1289,3889498,33.1,31.7
White,2009,Louisiana,1109,2910509,38.1,34.5
White,2009,Maine,464,1284844,36.1,27
White,2009,Maryland,770,3587821,21.5,16.9
White,2009,Massachusetts,1653,5581686,29.6,21.2
White,2009,Michigan,2432,8073343,30.1,24
White,2009,Minnesota,1332,4672941,28.5,22.3
White,2009,Mississippi,741,1803266,41.1,35.2
White,2009,Missouri,1646,5081387,32.4,26.2
White,2009,Montana,251,900620,27.9,21.6
White,2009,Nebraska,560,1656315,33.8,25.6
White,2009,Nevada,292,2148708,13.6,16.3
White,2009,New Hampshire,367,1260984,29.1,25.2
White,2009,New Jersey,1740,6615988,26.3,18.6
White,2009,New Mexico,358,1725799,20.7,19.3
White,2009,New York,2202,14072238,15.6,11.3
White,2009,North Carolina,2250,6939518,32.4,29.7
White,2009,North Dakota,364,609013,59.8,39.3
White,2009,Ohio,3553,9775738,36.3,28.4
White,2009,Oklahoma,910,2946778,30.9,26
White,2009,Oregon,1194,3462337,34.5,27.8
White,2009,Pennsylvania,3403,10758201,31.6,20.6
White,2009,Rhode Island,315,925159,34,22.2
White,2009,South Carolina,1223,3174776,38.5,34.7
White,2009,South Dakota,400,709532,56.4,37.4
White,2009,Tennessee,2012,5086681,39.6,36.1
White,2009,Texas,4668,20386890,22.9,27.3
White,2009,Utah,367,2547024,14.4,19.9
White,2009,Vermont,190,604741,31.4,25.7
White,2009,Virginia,1490,5782225,25.8,24.2
White,2009,Washington,2885,5644881,51.1,45.8
White,2009,West Virginia,551,1758904,31.3,25.1
White,2009,Wisconsin,1569,5075213,30.9,23.3
White,2009,Wyoming,130,531442,24.5,25.1
White,2010,Alabama,1305,3399975,38.4,32.9
White,2010,Alaska,70,507431,13.8,27.4
White,2010,Arizona,2228,5493590,40.6,35.6
White,2010,Arkansas,876,2373667,36.9,30.2
White,2010,California,9703,28280715,34.3,32.7
White,2010,Colorado,1294,4520301,28.6,31.6
White,2010,Connecticut,795,2987138,26.6,17.6
White,2010,Delaware,183,654944,27.9,21.3
White,2010,District of Columbia,42,255534,16.4,20.8
White,2010,Florida,4528,14989125,30.2,18.3
White,2010,Georgia,1745,6223554,28,30.1
White,2010,Hawaii,74,410433,18,17.9
White,2010,Idaho,405,1496784,27.1,26.9
White,2010,Illinois,2661,10136715,26.3,21.5
White,2010,Indiana,1828,5693566,32.1,27.8
White,2010,Iowa,1398,2864005,48.8,33
White,2010,Kansas,806,2538944,31.7,24.6
White,2010,Kentucky,1414,3904888,36.2,34.2
White,2010,Louisiana,1079,2932468,36.8,33
White,2010,Maine,502,1282994,39.1,28.7
White,2010,Maryland,820,3600864,22.8,17.8
White,2010,Massachusetts,1711,5591798,30.6,21.7
White,2010,Michigan,2553,8048819,31.7,24.9
White,2010,Minnesota,1429,4682126,30.5,23.7
White,2010,Mississippi,739,1804239,41,34.6
White,2010,Missouri,1891,5098388,37.1,29.5
White,2010,Montana,292,905118,32.3,24.9
White,2010,Nebraska,553,1666286,33.2,24.9
White,2010,Nevada,283,2152677,13.1,15.3
White,2010,New Hampshire,395,1260654,31.3,27.1
White,2010,New Jersey,1729,6621985,26.1,18.2
White,2010,New Mexico,324,1742790,18.6,17.2
White,2010,New York,2410,14078317,17.1,12.3
White,2010,North Carolina,2418,6985358,34.6,31.2
White,2010,North Dakota,359,615263,58.3,37.4
White,2010,Ohio,3806,9767820,39,30
White,2010,Oklahoma,929,2965869,31.3,26.3
White,2010,Oregon,1275,3476736,36.7,28.9
White,2010,Pennsylvania,3432,10766954,31.9,20.6
White,2010,Rhode Island,332,922331,36,23
White,2010,South Carolina,1309,3198579,40.9,36.4
White,2010,South Dakota,395,714718,55.3,36.5
White,2010,Tennessee,2190,5113124,42.8,38.5
White,2010,Texas,4846,20624991,23.5,27.7
White,2010,Utah,371,2581722,14.4,19.7
White,2010,Vermont,238,605609,39.3,31
White,2010,Virginia,1611,5821714,27.7,25.8
White,2010,Washington,2903,5680004,51.1,44.9
White,2010,West Virginia,583,1763290,33.1,26.3
White,2010,Wisconsin,1723,5083263,33.9,25.5
White,2010,Wyoming,143,535163,26.7,27.1
White,2011,Alabama,1253,3406474,36.8,30.8
White,2011,Alaska,57,514612,11.1,21
White,2011,Arizona,2236,5559757,40.2,33.9
White,2011,Arkansas,901,2386839,37.7,30.4
White,2011,California,10255,28551082,35.9,33.5
White,2011,Colorado,1272,4589200,27.7,29.7
White,2011,Connecticut,782,2984193,26.2,16.8
White,2011,Delaware,183,660104,27.7,20.7
White,2011,District of Columbia,39,266864,14.6,19
White,2011,Florida,4226,15148280,27.9,16.3
White,2011,Georgia,1869,6280506,29.8,30.9
White,2011,Hawaii,74,420022,17.6,17.6
White,2011,Idaho,406,1510289,26.9,26
White,2011,Illinois,2638,10152278,26,20.9
White,2011,Indiana,1953,5711984,34.2,29.1
White,2011,Iowa,1382,2873019,48.1,32.2
White,2011,Kansas,767,2549248,30.1,22.8
White,2011,Kentucky,1419,3924165,36.2,33.4
White,2011,Louisiana,1152,2949133,39.1,34.3
White,2011,Maine,480,1281361,37.5,27
White,2011,Maryland,758,3623463,20.9,15.9
White,2011,Massachusetts,1753,5609013,31.3,21.7
White,2011,Michigan,2652,8026791,33,25.2
White,2011,Minnesota,1425,4706165,30.3,23
White,2011,Mississippi,784,1803538,43.5,35.8
White,2011,Missouri,1823,5110036,35.7,28
White,2011,Montana,254,911044,27.9,20.9
White,2011,Nebraska,584,1678482,34.8,26.1
White,2011,Nevada,329,2163970,15.2,16.9
White,2011,New Hampshire,393,1260043,31.2,25.9
White,2011,New Jersey,1815,6618403,27.4,19
White,2011,New Mexico,412,1758658,23.4,20.9
White,2011,New York,2314,14092429,16.4,11.6
White,2011,North Carolina,2410,7057353,34.1,30
White,2011,North Dakota,407,624328,65.2,41.7
White,2011,Ohio,3775,9759657,38.7,29.1
White,2011,Oklahoma,1044,2991048,34.9,28.7
White,2011,Oregon,1300,3505165,37.1,28.8
White,2011,Pennsylvania,3329,10779681,30.9,19.5
White,2011,Rhode Island,315,919534,34.3,21.7
White,2011,South Carolina,1313,3234809,40.6,35
White,2011,South Dakota,420,721987,58.2,37.2
White,2011,Tennessee,2343,5149029,45.5,39.9
White,2011,Texas,5005,21020190,23.8,27.5
White,2011,Utah,392,2625630,14.9,20.1
White,2011,Vermont,257,605260,42.5,32.7
White,2011,Virginia,1581,5873838,26.9,24.4
White,2011,Washington,3002,5748606,52.2,44.7
White,2011,West Virginia,600,1762304,34,26.5
White,2011,Wisconsin,1769,5096616,34.7,25.5
White,2011,Wyoming,153,537851,28.4,28.2
White,2012,Alabama,1192,3413571,34.9,28.7
White,2012,Alaska,93,518096,18,31.8
White,2012,Arizona,2071,5603585,37,30.4
White,2012,Arkansas,844,2393011,35.3,28.1
White,2012,California,10277,28716573,35.8,32.8
White,2012,Colorado,1266,4647217,27.2,28.6
White,2012,Connecticut,815,2980691,27.3,17.3
White,2012,Delaware,180,664309,27.1,19.7
White,2012,District of Columbia,50,276057,18.1,23.5
White,2012,Florida,4139,15316649,27,15.5
White,2012,Georgia,1718,6317264,27.2,27.7
White,2012,Hawaii,76,426884,17.8,17.5
White,2012,Idaho,345,1519716,22.7,21.8
White,2012,Illinois,2600,10140667,25.6,20.5
White,2012,Indiana,1937,5717757,33.9,28.4
White,2012,Iowa,1318,2877696,45.8,30.4
White,2012,Kansas,763,2557493,29.8,22.8
White,2012,Kentucky,1448,3926441,36.9,33.6
White,2012,Louisiana,1136,2962171,38.4,33.2
White,2012,Maine,430,1280768,33.6,23.5
White,2012,Maryland,728,3643570,20,15.2
White,2012,Massachusetts,1641,5633673,29.1,20.2
White,2012,Michigan,2861,8023676,35.7,26.7
White,2012,Minnesota,1430,4716540,30.3,22.6
White,2012,Mississippi,741,1804534,41.1,32.8
White,2012,Missouri,1757,5112730,34.4,26.5
White,2012,Montana,263,915857,28.7,21.2
White,2012,Nebraska,561,1687030,33.3,24.7
White,2012,Nevada,338,2177660,15.5,16.7
White,2012,New Hampshire,389,1260026,30.9,25.2
White,2012,New Jersey,1739,6619471,26.3,18
White,2012,New Mexico,361,1758585,20.5,17.9
White,2012,New York,2380,14117965,16.9,11.7
White,2012,North Carolina,2424,7107633,34.1,29.1
White,2012,North Dakota,359,636983,56.4,36.8
White,2012,Ohio,3632,9739254,37.3,27.7
White,2012,Oklahoma,980,3003118,32.6,26.7
White,2012,Oregon,1291,3522848,36.6,28.2
White,2012,Pennsylvania,3336,10766181,31,19.4
White,2012,Rhode Island,295,915095,32.2,20.3
White,2012,South Carolina,1384,3266812,42.4,35.8
White,2012,South Dakota,452,726989,62.2,39.8
White,2012,Tennessee,2204,5178755,42.6,36.8
White,2012,Texas,4771,21261333,22.4,25.4
White,2012,Utah,407,2658464,15.3,20.3
White,2012,Vermont,282,604354,46.7,35.4
White,2012,Virginia,1474,5923590,24.9,22.1
White,2012,Washington,3084,5779189,53.4,45.3
White,2012,West Virginia,589,1761559,33.4,25.7
White,2012,Wisconsin,1617,5101525,31.7,22.9
White,2012,Wyoming,122,542938,22.5,21.9
White,2013,Alabama,1189,3417357,34.8,27.9
White,2013,Alaska,61,519545,11.7,20.8
White,2013,Arizona,2288,5650603,40.5,32.2
White,2013,Arkansas,844,2397814,35.2,27.8
White,2013,California,10431,28872300,36.1,32.8
White,2013,Colorado,1268,4712204,26.9,27.6
White,2013,Connecticut,786,2973463,26.4,16.6
White,2013,Delaware,163,668143,24.4,17.4
White,2013,District of Columbia,37,285467,13,16.1
White,2013,Florida,4741,15470380,30.6,17.2
White,2013,Georgia,1660,6329913,26.2,25.9
White,2013,Hawaii,60,436884,13.7,13.8
White,2013,Idaho,340,1533351,22.2,20.9
White,2013,Illinois,2633,10129482,26,20.5
White,2013,Indiana,1996,5732863,34.8,28.8
White,2013,Iowa,1238,2884447,42.9,28.3
White,2013,Kansas,713,2560201,27.8,20.9
White,2013,Kentucky,1412,3932899,35.9,32.2
White,2013,Louisiana,1193,2971695,40.1,33.8
White,2013,Maine,400,1278933,31.3,21.7
White,2013,Maryland,761,3651845,20.8,15.6
White,2013,Massachusetts,1631,5647620,28.9,19.9
White,2013,Michigan,2977,8027063,37.1,27.3
White,2013,Minnesota,1399,4734133,29.6,21.7
White,2013,Mississippi,751,1805480,41.6,32.5
White,2013,Missouri,1904,5124168,37.2,28
White,2013,Montana,262,923756,28.4,20.9
White,2013,Nebraska,545,1694611,32.2,23.6
White,2013,Nevada,414,2191057,18.9,19.7
White,2013,New Hampshire,348,1260482,27.6,21.6
White,2013,New Jersey,1679,6618759,25.4,17.2
White,2013,New Mexico,323,1753479,18.4,15.4
White,2013,New York,2285,14125951,16.2,11.2
White,2013,North Carolina,2425,7160777,33.9,28.2
White,2013,North Dakota,361,655643,55.1,36.9
White,2013,Ohio,3524,9741342,36.2,26.5
White,2013,Oklahoma,1071,3024255,35.4,28.5
White,2013,Oregon,1278,3544037,36.1,27.5
White,2013,Pennsylvania,3142,10743840,29.2,18
White,2013,Rhode Island,339,913178,37.1,22.8
White,2013,South Carolina,1374,3302732,41.6,34.4
White,2013,South Dakota,412,734427,56.1,35.6
White,2013,Tennessee,2312,5202797,44.4,37.7
White,2013,Texas,4844,21512952,22.5,25
White,2013,Utah,404,2697259,15,19.7
White,2013,Vermont,267,604251,44.2,33
White,2013,Virginia,1423,5961061,23.9,20.8
White,2013,Washington,3147,5816503,54.1,45.5
White,2013,West Virginia,581,1758444,33,24.9
White,2013,Wisconsin,1629,5107934,31.9,22.9
White,2013,Wyoming,122,546718,22.3,21.2
White,2014,Alabama,1572,3419940,46,36.3
White,2014,Alaska,57,517504,11,18.5
White,2014,Arizona,2375,5725331,41.5,32
White,2014,Arkansas,1108,2399804,46.2,36
White,2014,California,11015,29112206,37.8,33.9
White,2014,Colorado,1306,4779487,27.3,27.7
White,2014,Connecticut,875,2960214,29.6,18.7
White,2014,Delaware,163,672852,24.2,16.7
White,2014,District of Columbia,40,292649,13.7,16.9
White,2014,Florida,5491,15699343,35,19.3
White,2014,Georgia,2178,6358763,34.3,33.3
White,2014,Hawaii,100,442721,22.6,21.8
White,2014,Idaho,372,1552607,24,22.6
White,2014,Illinois,2922,10101430,28.9,22.6
White,2014,Indiana,2089,5740600,36.4,29.7
White,2014,Iowa,1297,2888971,44.9,29.7
White,2014,Kansas,749,2563233,29.2,21.7
White,2014,Kentucky,1463,3941696,37.1,32.7
White,2014,Louisiana,1351,2980699,45.3,37.9
White,2014,Maine,432,1278430,33.8,22.8
White,2014,Maryland,741,3658054,20.3,15.2
White,2014,Massachusetts,1605,5654782,28.4,19.5
White,2014,Michigan,3073,8023427,38.3,27.8
White,2014,Minnesota,1605,4743448,33.8,24.6
White,2014,Mississippi,878,1803115,48.7,37.5
White,2014,Missouri,1945,5130149,37.9,28.2
White,2014,Montana,253,930226,27.2,19.8
White,2014,Nebraska,497,1701738,29.2,21.7
White,2014,Nevada,554,2217014,25,25.4
White,2014,New Hampshire,394,1261412,31.2,24.2
White,2014,New Jersey,1799,6613281,27.2,18.3
White,2014,New Mexico,428,1750345,24.5,19.9
White,2014,New York,2325,14107369,16.5,11.4
White,2014,North Carolina,2745,7210010,38.1,31.1
White,2014,North Dakota,358,667148,53.7,36.2
White,2014,Ohio,3777,9733011,38.8,28.2
White,2014,Oklahoma,1139,3035813,37.5,29.7
White,2014,Oregon,1375,3570524,38.5,28.9
White,2014,Pennsylvania,3307,10716775,30.9,18.7
White,2014,Rhode Island,396,911548,43.4,26.7
White,2014,South Carolina,1614,3343943,48.3,39.3
White,2014,South Dakota,429,740650,57.9,36.9
White,2014,Tennessee,2436,5235081,46.5,38.9
White,2014,Texas,6214,21851213,28.4,31
White,2014,Utah,574,2730417,21,27.2
White,2014,Vermont,264,602857,43.8,32
White,2014,Virginia,1523,5985615,25.4,21.8
White,2014,Washington,3200,5861584,54.6,45.6
White,2014,West Virginia,604,1752941,34.5,25.6
White,2014,Wisconsin,1823,5109986,35.7,25.1
White,2014,Wyoming,160,548511,29.2,27.1
White,2015,Alabama,1880,3418094,55,42.5
White,2015,Alaska,52,516494,10.1,16.3
White,2015,Arizona,2809,5790662,48.5,36.3
White,2015,Arkansas,1318,2404531,54.8,41.9
White,2015,California,13065,29268218,44.6,39.3
White,2015,Colorado,1545,4860059,31.8,31.7
White,2015,Connecticut,915,2944009,31.1,19.5
White,2015,Delaware,224,677149,33.1,22.7
White,2015,District of Columbia,43,301687,14.3,18.3
White,2015,Florida,6515,15971454,40.8,22.2
White,2015,Georgia,3054,6392399,47.8,45.1
White,2015,Hawaii,123,447725,27.5,26.5
White,2015,Idaho,548,1570040,34.9,32
White,2015,Illinois,3264,10058772,32.4,25
White,2015,Indiana,2382,5745559,41.5,33.5
White,2015,Iowa,1325,2895570,45.8,30.1
White,2015,Kansas,819,2564958,31.9,23.3
White,2015,Kentucky,1623,3945716,41.1,35.6
White,2015,Louisiana,1633,2990198,54.6,44.9
White,2015,Maine,540,1276636,42.3,28.5
White,2015,Maryland,875,3652546,24,17.5
White,2015,Massachusetts,1731,5663975,30.6,20.7
White,2015,Michigan,3439,8018858,42.9,30.9
White,2015,Minnesota,1749,4753022,36.8,26.3
White,2015,Mississippi,1127,1797286,62.7,47.3
White,2015,Missouri,2033,5137798,39.6,29.2
White,2015,Montana,273,937867,29.1,21
White,2015,Nebraska,585,1709900,34.2,25
White,2015,Nevada,783,2243778,34.9,34.6
White,2015,New Hampshire,428,1263680,33.9,25.7
White,2015,New Jersey,2075,6596284,31.5,21
White,2015,New Mexico,463,1745634,26.5,20.8
White,2015,New York,2809,14080073,20,13.6
White,2015,North Carolina,3212,7259904,44.2,35.5
White,2015,North Dakota,374,678936,55.1,37.2
White,2015,Ohio,4295,9722459,44.2,31.7
White,2015,Oklahoma,1370,3052773,44.9,35.2
White,2015,Oregon,1603,3614034,44.4,33.5
White,2015,Pennsylvania,3776,10695940,35.3,21.4
White,2015,Rhode Island,436,908987,48,29
White,2015,South Carolina,2040,3390607,60.2,48.4
White,2015,South Dakota,418,743966,56.2,35.8
White,2015,Tennessee,2821,5267640,53.6,44.1
White,2015,Texas,8144,22188899,36.7,39.5
White,2015,Utah,898,2774714,32.4,41.7
White,2015,Vermont,298,601224,49.6,35.5
White,2015,Virginia,1912,6003584,31.8,26.6
White,2015,Washington,3335,5923371,56.3,46.5
White,2015,West Virginia,721,1745625,41.3,30.1
White,2015,Wisconsin,2015,5111213,39.4,27.5
White,2015,Wyoming,151,550547,27.4,25
White,2016,Alabama,2123,3416909,62.1,47.1
White,2016,Alaska,85,516247,16.5,25.8
White,2016,Arizona,2925,5867696,49.8,36.2
White,2016,Arkansas,1342,2411255,55.7,42
White,2016,California,13395,29284600,45.7,39.7
White,2016,Colorado,1766,4932273,35.8,35.4
White,2016,Connecticut,977,2924274,33.4,20.7
White,2016,Delaware,272,679017,40.1,26.8
White,2016,District of Columbia,44,309313,14.2,19.3
White,2016,Florida,6669,16228615,41.1,22.1
White,2016,Georgia,3244,6410781,50.6,47
White,2016,Hawaii,125,435637,28.7,26.8
White,2016,Idaho,599,1596443,37.5,34.2
White,2016,Illinois,3416,10006563,34.1,26
White,2016,Indiana,2529,5744213,44,35.2
White,2016,Iowa,1398,2894851,48.3,31.5
White,2016,Kansas,809,2561433,31.6,23
White,2016,Kentucky,1653,3952664,41.8,35.8
White,2016,Louisiana,1756,2993420,58.7,47.1
White,2016,Maine,575,1277480,45,29.9
White,2016,Maryland,943,3639880,25.9,18.6
White,2016,Massachusetts,1636,5656810,28.9,19.3
White,2016,Michigan,3907,8015307,48.7,34.8
White,2016,Minnesota,2185,4760630,45.9,32.4
White,2016,Mississippi,1191,1790820,66.5,49.2
White,2016,Missouri,2151,5141898,41.8,30.5
White,2016,Montana,306,946324,32.3,22.6
White,2016,Nebraska,612,1715806,35.7,26.2
White,2016,Nevada,622,2267822,27.4,26.4
White,2016,New Hampshire,428,1266167,33.8,25
White,2016,New Jersey,2223,6564595,33.9,22.4
White,2016,New Mexico,555,1742956,31.8,24.3
White,2016,New York,2925,14007968,20.9,14
White,2016,North Carolina,3500,7315221,47.8,37.9
White,2016,North Dakota,357,674630,52.9,35.6
White,2016,Ohio,4625,9697106,47.7,33.9
White,2016,Oklahoma,1447,3054808,47.4,36.6
White,2016,Oregon,1752,3665749,47.8,35.8
White,2016,Pennsylvania,3966,10656890,37.2,22.3
White,2016,Rhode Island,406,906089,44.8,27.2
White,2016,South Carolina,2020,3441510,58.7,46.4
White,2016,South Dakota,441,747000,59,37.8
White,2016,Tennessee,2953,5305294,55.7,45.1
White,2016,Texas,8336,22447449,37.1,39.1
White,2016,Utah,888,2822315,31.5,40
White,2016,Vermont,309,598811,51.6,36.1
White,2016,Virginia,2028,6010786,33.7,27.7
White,2016,Washington,3112,6002348,51.8,42.6
White,2016,West Virginia,773,1733549,44.6,32.2
White,2016,Wisconsin,2201,5111927,43.1,29.9
White,2016,Wyoming,138,550665,25.1,22
White,2017,Alabama,2136,3419705,62.5,46.7
White,2017,Alaska,81,512623,15.8,23.6
White,2017,Arizona,2940,5925685,49.6,36.1
White,2017,Arkansas,1294,2420319,53.5,39.7
White,2017,California,13865,29369542,47.2,40.8
White,2017,Colorado,1758,4982527,35.3,34.8
White,2017,Connecticut,1035,2922942,35.4,21.2
White,2017,Delaware,320,682095,46.9,30.7
White,2017,District of Columbia,40,318871,12.5,14.8
White,2017,Florida,6511,16488470,39.5,21.3
White,2017,Georgia,3472,6444657,53.9,48.8
White,2017,Hawaii,135,433320,31.2,27.3
White,2017,Idaho,661,1626437,40.6,36.9
White,2017,Illinois,3567,9988400,35.7,26.6
White,2017,Indiana,2613,5758280,45.4,35.6
White,2017,Iowa,1568,2895505,54.2,35.3
White,2017,Kansas,861,2562602,33.6,24.6
White,2017,Kentucky,1684,3959768,42.5,35.5
White,2017,Louisiana,1762,2988801,59,46.2
White,2017,Maine,595,1280369,46.5,30.5
White,2017,Maryland,910,3643426,25,17.8
White,2017,Massachusetts,1782,5666330,31.4,21
White,2017,Michigan,4082,8029056,50.8,35.9
White,2017,Minnesota,2426,4779768,50.8,35.6
White,2017,Mississippi,1303,1785378,73,53.1
White,2017,Missouri,2347,5152579,45.6,32.5
White,2017,Montana,277,952702,29.1,20.9
White,2017,Nebraska,674,1722394,39.1,28.5
White,2017,Nevada,701,2297024,30.5,29.2
White,2017,New Hampshire,434,1271499,34.1,25.1
White,2017,New Jersey,2577,6583130,39.1,25.2
White,2017,New Mexico,545,1740703,31.3,23.7
White,2017,New York,3083,14023221,22,14.3
White,2017,North Carolina,3583,7390201,48.5,37.9
White,2017,North Dakota,383,670004,57.2,36.8
White,2017,Ohio,4693,9702995,48.4,34.1
White,2017,Oklahoma,1603,3051867,52.5,40.2
White,2017,Oregon,1796,3697722,48.6,36.7
White,2017,Pennsylvania,3961,10637357,37.2,22.2
White,2017,Rhode Island,423,905231,46.7,28.1
White,2017,South Carolina,2085,3486473,59.8,46.3
White,2017,South Dakota,437,748768,58.4,37.4
White,2017,Tennessee,3196,5350680,59.7,47.6
White,2017,Texas,8745,22728838,38.5,40.1
White,2017,Utah,972,2866353,33.9,42.8
White,2017,Vermont,369,597247,61.8,43.3
White,2017,Virginia,2181,6027893,36.2,29.2
White,2017,Washington,3524,6064494,58.1,48.3
White,2017,West Virginia,758,1719416,44.1,31
White,2017,Wisconsin,2354,5117202,46,31.8
White,2017,Wyoming,209,544781,38.4,32.9
White,2018,Alabama,2187,3426745,63.8,46.6
White,2018,Alaska,112,507912,22.1,30.5
White,2018,Arizona,2853,6039570,47.2,33.4
White,2018,Arkansas,1331,2424998,54.9,39.8
White,2018,California,14178,29301825,48.4,41
White,2018,Colorado,1571,5050401,31.1,30
White,2018,Connecticut,949,2903404,32.7,19.4
White,2018,Delaware,349,683930,51,32.9
White,2018,District of Columbia,29,326137,8.9,10.7
White,2018,Florida,6218,16721748,37.2,19.7
White,2018,Georgia,3620,6466753,56,49.2
White,2018,Hawaii,118,430497,27.4,24.1
White,2018,Idaho,659,1660028,39.7,35.5
White,2018,Illinois,3582,9917646,36.1,26.3
White,2018,Indiana,2525,5763803,43.8,34
White,2018,Iowa,1418,2896007,49,31.8
White,2018,Kansas,863,2559361,33.7,23.8
White,2018,Kentucky,1618,3966164,40.8,33.4
White,2018,Louisiana,1697,2968719,57.2,43.6
White,2018,Maine,576,1281687,44.9,28.5
White,2018,Maryland,892,3628187,24.6,17.2
White,2018,Massachusetts,1753,5670599,30.9,20.4
White,2018,Michigan,4171,8041198,51.9,36.2
White,2018,Minnesota,2376,4791431,49.6,34.2
White,2018,Mississippi,1240,1785077,69.5,49.5
White,2018,Missouri,2435,5156415,47.2,33.2
White,2018,Montana,303,962460,31.5,21.9
White,2018,Nebraska,660,1725837,38.2,27.4
White,2018,Nevada,618,2317575,26.7,24.7
White,2018,New Hampshire,487,1279355,38.1,26.9
White,2018,New Jersey,2442,6511007,37.5,24.2
White,2018,New Mexico,560,1744329,32.1,23.6
White,2018,New York,3316,13837347,24,15.2
White,2018,North Carolina,3763,7451579,50.5,38.6
White,2018,North Dakota,353,670697,52.6,34.2
White,2018,Ohio,5018,9698709,51.7,36
White,2018,Oklahoma,1591,3056708,52,38.8
White,2018,Oregon,1813,3728759,48.6,36.3
White,2018,Pennsylvania,3852,10609745,36.3,21.4
White,2018,Rhode Island,449,901715,49.8,29.5
White,2018,South Carolina,2159,3531746,61.1,46.1
White,2018,South Dakota,432,755314,57.2,37.1
White,2018,Tennessee,3198,5391207,59.3,46.6
White,2018,Texas,8870,22961663,38.6,39.8
White,2018,Utah,996,2913538,34.2,42.5
White,2018,Vermont,333,598200,55.7,38.2
White,2018,Virginia,2197,6045867,36.3,28.5
White,2018,Washington,3538,6128227,57.7,47.4
White,2018,West Virginia,778,1708531,45.5,31.4
White,2018,Wisconsin,2381,5121396,46.5,32
White,2018,Wyoming,272,542483,50.1,41.7
White,2019,Alabama,2235,3437480,65,46.6
White,2019,Alaska,111,503476,22,28.2
White,2019,Arizona,2885,6118935,47.1,32.8
White,2019,Arkansas,1374,2426008,56.6,40.4
White,2019,California,14206,29203765,48.6,40.8
White,2019,Colorado,1816,5099538,35.6,33.9
White,2019,Connecticut,914,2886404,31.7,18.7
White,2019,Delaware,286,686304,41.7,26
White,2019,District of Columbia,33,330479,10,12.5
White,2019,Florida,6057,16854502,35.9,18.8
White,2019,Georgia,3301,6501503,50.8,43.5
White,2019,Hawaii,113,428523,26.4,22
White,2019,Idaho,642,1691082,38,33.7
White,2019,Illinois,3508,9854559,35.6,25.6
White,2019,Indiana,2424,5780770,41.9,32.2
White,2019,Iowa,1327,2891595,45.9,29.4
White,2019,Kansas,813,2558440,31.8,22.4
White,2019,Kentucky,1612,3963276,40.7,32.7
White,2019,Louisiana,1717,2958038,58,43.5
White,2019,Maine,537,1285624,41.8,25.9
White,2019,Maryland,769,3616873,21.3,14.6
White,2019,Massachusetts,1581,5649253,28,18.4
White,2019,Michigan,4109,8030450,51.2,35.4
White,2019,Minnesota,2509,4798563,52.3,35.8
White,2019,Mississippi,1297,1777310,73,51.1
White,2019,Missouri,2583,5161380,50,34.7
White,2019,Montana,319,967929,33,22.8
White,2019,Nebraska,743,1726955,43,30.4
White,2019,Nevada,582,2344105,24.8,22.4
White,2019,New Hampshire,508,1281488,39.6,28.1
White,2019,New Jersey,2355,6484830,36.3,23.2
White,2019,New Mexico,541,1742518,31,22.3
White,2019,New York,3258,13767670,23.7,14.9
White,2019,North Carolina,3691,7520342,49.1,36.8
White,2019,North Dakota,399,672030,59.4,37.9
White,2019,Ohio,4837,9682405,50,34.5
White,2019,Oklahoma,1622,3061110,53,38.9
White,2019,Oregon,1933,3749684,51.6,38
White,2019,Pennsylvania,3935,10583680,37.2,21.9
White,2019,Rhode Island,443,900386,49.2,29.8
White,2019,South Carolina,1892,3581951,52.8,38.8
White,2019,South Dakota,486,758952,64,41.1
White,2019,Tennessee,2962,5432785,54.5,42.2
White,2019,Texas,9177,23152887,39.6,40.2
White,2019,Utah,958,2953540,32.4,39.6
White,2019,Vermont,315,596426,52.8,35.6
White,2019,Virginia,2228,6053235,36.8,28.4
White,2019,Washington,3374,6165296,54.7,44.3
White,2019,West Virginia,817,1695855,48.2,32.7
White,2019,Wisconsin,2313,5126856,45.1,30.8
White,2019,Wyoming,236,543158,43.4,35
White,2020,Alabama,2573,3445489,74.7,52.6
White,2020,Alaska,112,500604,22.4,27.8
White,2020,Arizona,3045,6217929,49,33
White,2020,Arkansas,1606,2430075,66.1,46.1
White,2020,California,15619,28881215,54.1,44.6
White,2020,Colorado,2049,5130909,39.9,37.2
White,2020,Connecticut,1031,2862056,36,21.2
White,2020,Delaware,398,690968,57.6,35.5
White,2020,District of Columbia,32,335845,9.5,11.6
White,2020,Florida,6645,17016011,39.1,20.1
White,2020,Georgia,3722,6514563,57.1,47.7
White,2020,Hawaii,146,423120,34.5,27.2
White,2020,Idaho,733,1727195,42.4,36.8
White,2020,Illinois,4034,9751287,41.4,29.6
White,2020,Indiana,2626,5781775,45.4,34.7
White,2020,Iowa,1442,2889308,49.9,31.9
White,2020,Kansas,931,2554397,36.4,25.4
White,2020,Kentucky,1649,3963013,41.6,33.1
White,2020,Louisiana,1948,2946293,66.1,48.4
White,2020,Maine,584,1289612,45.3,28.1
White,2020,Maryland,893,3595768,24.8,16.8
White,2020,Massachusetts,1665,5619604,29.6,19.5
White,2020,Michigan,4432,8004389,55.4,38.2
White,2020,Minnesota,2538,4789648,53,35.8
White,2020,Mississippi,1589,1768002,89.9,61.5
White,2020,Missouri,2659,5167287,51.5,35.4
White,2020,Montana,336,978119,34.4,23.9
White,2020,Nebraska,777,1725392,45,32.1
White,2020,Nevada,781,2367706,33,28.9
White,2020,New Hampshire,485,1285020,37.7,26.3
White,2020,New Jersey,2387,6440419,37.1,23.6
White,2020,New Mexico,692,1743560,39.7,27.9
White,2020,New York,3388,13619969,24.9,15.5
White,2020,North Carolina,3879,7575561,51.2,37.7
White,2020,North Dakota,419,673624,62.2,39.9
White,2020,Ohio,5458,9653181,56.5,38.9
White,2020,Oklahoma,1666,3063684,54.4,39.4
White,2020,Oregon,1943,3762475,51.6,37.8
White,2020,Pennsylvania,4240,10530577,40.3,23.7
White,2020,Rhode Island,477,895772,53.3,32.4
White,2020,South Carolina,2111,3631407,58.1,41.7
White,2020,South Dakota,478,763985,62.6,40.2
White,2020,Tennessee,3286,5475185,60,45.7
White,2020,Texas,10771,23314879,46.2,46.4
White,2020,Utah,1086,2989783,36.3,43.4
White,2020,Vermont,279,594964,46.9,31.3
White,2020,Virginia,2355,6063666,38.8,29.5
White,2020,Washington,3478,6190305,56.2,45.1
White,2020,West Virginia,917,1686512,54.4,36.4
White,2020,Wisconsin,2511,5121088,49,33.6
White,2020,Wyoming,223,546461,40.8,32.4
Black,1999,United States,2342,36173121,6.5,11.3
Black,2000,United States,2728,36594309,7.5,13
Black,2001,United States,3114,37249775,8.4,14.8
Black,2002,United States,3341,37748424,8.9,15.8
Black,2003,United States,3718,38209741,9.7,17.4
Black,2004,United States,4232,38738798,10.9,19.6
Black,2005,United States,4620,39280731,11.8,20.8
Black,2006,United States,4455,39857107,11.2,19.7
Black,2007,United States,4760,40451108,11.8,20.5
Black,2008,United States,5075,41048959,12.4,21.2
Black,2009,United States,5090,41632450,12.2,20.6
Black,2010,United States,5220,42065334,12.4,20.6
Black,2011,United States,5482,42678815,12.8,20.8
Black,2012,United States,5451,43203092,12.6,19.9
Black,2013,United States,5714,43696271,13.1,20.1
Black,2014,United States,6567,44309394,14.8,22.3
Black,2015,United States,8156,44863196,18.2,26.6
Black,2016,United States,8669,45307020,19.1,27.5
Black,2017,United States,9084,45883808,19.8,27.8
Black,2018,United States,9042,46262846,19.5,26.6
Black,2019,United States,9369,46599393,20.1,26.7
Black,2020,United States,11023,47181245,23.4,30.4
White,1999,United States,41877,228687790,18.3,17.2
White,2000,United States,46460,230085762,20.2,18.8
White,2001,United States,50348,232192666,21.7,20
White,2002,United States,55058,233720535,23.6,21.6
White,2003,United States,59184,235125072,25.2,22.9
White,2004,United States,61087,236670034,25.8,23.3
White,2005,United States,66191,238187095,27.8,24.7
White,2006,United States,67088,239805271,28,24.5
White,2007,United States,68933,241390828,28.6,24.6
White,2008,United States,76263,242966379,31.4,26.7
White,2009,United States,72696,244388833,29.7,25
White,2010,United States,76928,245423340,31.3,26
White,2011,United States,78055,247094331,31.6,25.7
White,2012,United States,76590,248224553,30.9,24.7
White,2013,United States,77387,249344498,31,24.4
White,2014,United States,84990,250630467,33.9,26.4
White,2015,United States,99866,251875054,39.6,30.5
White,2016,United States,104638,252702814,41.4,31.4
White,2017,United States,109311,253935650,43,32.3
White,2018,United States,109699,254564236,43.1,31.8
White,2019,United States,108683,255040203,42.6,31.1
White,2020,United States,119124,254989656,46.7,33.7
