Race,Year,State,Population
Black,1999,Alabama,1162673
Black,1999,Alaska,26610
Black,1999,Arizona,177619
Black,1999,Arkansas,424438
Black,1999,California,2502469
Black,1999,Colorado,183070
Black,1999,Connecticut,341801
Black,1999,Delaware,153643
Black,1999,District of Columbia,354021
Black,1999,Florida,2419083
Black,1999,Georgia,2343624
Black,1999,Hawaii,31161
Black,1999,Idaho,6243
Black,1999,Illinois,1923260
Black,1999,Indiana,525171
Black,1999,Iowa,65291
Black,1999,Kansas,164954
Black,1999,Kentucky,303644
Black,1999,Louisiana,1461433
Black,1999,Maine,7545
Black,1999,Maryland,1503532
Black,1999,Massachusetts,416891
Black,1999,Michigan,1455082
Black,1999,Minnesota,182425
Black,1999,Mississippi,1038253
Black,1999,Missouri,642019
Black,1999,Montana,3110
Black,1999,Nebraska,72024
Black,1999,Nevada,143853
Black,1999,New Hampshire,10565
Black,1999,New Jersey,1231242
Black,1999,New Mexico,42091
Black,1999,New York,3410768
Black,1999,North Carolina,1758625
Black,1999,Ohio,1347742
Black,1999,Oklahoma,277057
Black,1999,Oregon,66369
Black,1999,Pennsylvania,1279925
Black,1999,Rhode Island,62303
Black,1999,South Carolina,1192652
Black,1999,South Dakota,4749
Black,1999,Tennessee,939791
Black,1999,Texas,2461293
Black,1999,Utah,21374
Black,1999,Vermont,3535
Black,1999,Virginia,1422517
Black,1999,Washington,222319
Black,1999,West Virginia,59775
Black,1999,Wisconsin,315230
Black,1999,Wyoming,4250
Black,2000,Alabama,1167623
Black,2000,Alaska,26649
Black,2000,Arizona,183298
Black,2000,Arkansas,425864
Black,2000,California,2516935
Black,2000,Colorado,188402
Black,2000,Connecticut,347678
Black,2000,Delaware,157045
Black,2000,District of Columbia,353632
Black,2000,Florida,2468478
Black,2000,Georgia,2395234
Black,2000,Hawaii,30498
Black,2000,Idaho,7580
Black,2000,Illinois,1933802
Black,2000,Indiana,533138
Black,2000,Iowa,70138
Black,2000,Kansas,167269
Black,2000,Kentucky,307871
Black,2000,Louisiana,1468317
Black,2000,Maine,8720
Black,2000,Maryland,1524783
Black,2000,Massachusetts,426216
Black,2000,Michigan,1463500
Black,2000,Minnesota,195026
Black,2000,Mississippi,1041069
Black,2000,Missouri,649528
Black,2000,Montana,3973
Black,2000,Nebraska,74476
Black,2000,Nevada,149647
Black,2000,New Hampshire,11521
Black,2000,New Jersey,1241469
Black,2000,New Mexico,42745
Black,2000,New York,3434584
Black,2000,North Carolina,1775634
Black,2000,North Dakota,4936
Black,2000,Ohio,1359717
Black,2000,Oklahoma,279982
Black,2000,Oregon,69151
Black,2000,Pennsylvania,1293698
Black,2000,Rhode Island,64893
Black,2000,South Carolina,1199993
Black,2000,South Dakota,6111
Black,2000,Tennessee,950101
Black,2000,Texas,2489759
Black,2000,Utah,23063
Black,2000,Virginia,1438727
Black,2000,Washington,230096
Black,2000,West Virginia,60889
Black,2000,Wisconsin,322099
Black,2000,Wyoming,4701
Black,2001,Alabama,1177479
Black,2001,Alaska,27347
Black,2001,Arizona,194201
Black,2001,Arkansas,429929
Black,2001,California,2547829
Black,2001,Colorado,196376
Black,2001,Connecticut,355440
Black,2001,Delaware,162206
Black,2001,District of Columbia,349536
Black,2001,Florida,2553214
Black,2001,Georgia,2468186
Black,2001,Hawaii,32533
Black,2001,Idaho,8553
Black,2001,Illinois,1940249
Black,2001,Indiana,545974
Black,2001,Iowa,73183
Black,2001,Kansas,169671
Black,2001,Kentucky,314168
Black,2001,Louisiana,1475975
Black,2001,Maine,9944
Black,2001,Maryland,1561491
Black,2001,Massachusetts,441594
Black,2001,Michigan,1477489
Black,2001,Minnesota,208738
Black,2001,Mississippi,1046375
Black,2001,Missouri,661223
Black,2001,Montana,4510
Black,2001,Nebraska,76777
Black,2001,Nevada,161746
Black,2001,New Hampshire,12863
Black,2001,New Jersey,1257274
Black,2001,New Mexico,44060
Black,2001,New York,3457658
Black,2001,North Carolina,1814985
Black,2001,Ohio,1381459
Black,2001,Oklahoma,282978
Black,2001,Oregon,72006
Black,2001,Pennsylvania,1311557
Black,2001,Rhode Island,67729
Black,2001,South Carolina,1214753
Black,2001,South Dakota,6886
Black,2001,Tennessee,967178
Black,2001,Texas,2551645
Black,2001,Utah,25050
Black,2001,Virginia,1462901
Black,2001,Washington,239036
Black,2001,West Virginia,61171
Black,2001,Wisconsin,331554
Black,2001,Wyoming,5030
Black,2002,Alabama,1182591
Black,2002,Alaska,28157
Black,2002,Arizona,204176
Black,2002,Arkansas,432330
Black,2002,California,2567326
Black,2002,Colorado,201149
Black,2002,Connecticut,363022
Black,2002,Delaware,166583
Black,2002,District of Columbia,346080
Black,2002,Florida,2627531
Black,2002,Georgia,2522522
Black,2002,Hawaii,33918
Black,2002,Idaho,9279
Black,2002,Illinois,1942243
Black,2002,Indiana,555017
Black,2002,Iowa,75770
Black,2002,Kansas,171790
Black,2002,Kentucky,318571
Black,2002,Louisiana,1485575
Black,2002,Maine,11105
Black,2002,Maryland,1592833
Black,2002,Massachusetts,453484
Black,2002,Michigan,1483051
Black,2002,Minnesota,219791
Black,2002,Mississippi,1049194
Black,2002,Missouri,669160
Black,2002,Montana,4845
Black,2002,Nebraska,78371
Black,2002,Nevada,171629
Black,2002,New Hampshire,13776
Black,2002,New Jersey,1268823
Black,2002,New Mexico,45707
Black,2002,New York,3467250
Black,2002,North Carolina,1844291
Black,2002,North Dakota,5936
Black,2002,Ohio,1397560
Black,2002,Oklahoma,285840
Black,2002,Oregon,74540
Black,2002,Pennsylvania,1329750
Black,2002,Rhode Island,70465
Black,2002,South Carolina,1222658
Black,2002,South Dakota,7573
Black,2002,Tennessee,980256
Black,2002,Texas,2602237
Black,2002,Utah,26645
Black,2002,Vermont,4945
Black,2002,Virginia,1480645
Black,2002,Washington,245869
Black,2002,West Virginia,61832
Black,2002,Wisconsin,339499
Black,2002,Wyoming,5234
Black,2003,Alabama,1190183
Black,2003,Alaska,28196
Black,2003,Arizona,213993
Black,2003,Arkansas,435025
Black,2003,California,2585567
Black,2003,Colorado,203049
Black,2003,Connecticut,370417
Black,2003,Delaware,171022
Black,2003,District of Columbia,340751
Black,2003,Florida,2700143
Black,2003,Georgia,2571491
Black,2003,Hawaii,33385
Black,2003,Idaho,9994
Black,2003,Illinois,1942340
Black,2003,Indiana,565411
Black,2003,Iowa,78647
Black,2003,Kansas,173096
Black,2003,Kentucky,322254
Black,2003,Louisiana,1496609
Black,2003,Maine,12613
Black,2003,Maryland,1621856
Black,2003,Massachusetts,464146
Black,2003,Michigan,1488590
Black,2003,Minnesota,231089
Black,2003,Mississippi,1053803
Black,2003,Missouri,676844
Black,2003,Montana,5223
Black,2003,Nebraska,80408
Black,2003,Nevada,181213
Black,2003,New Hampshire,14715
Black,2003,New Jersey,1279601
Black,2003,New Mexico,46932
Black,2003,New York,3471007
Black,2003,North Carolina,1869334
Black,2003,North Dakota,6389
Black,2003,Ohio,1413170
Black,2003,Oklahoma,287387
Black,2003,Oregon,76251
Black,2003,Pennsylvania,1349739
Black,2003,Rhode Island,73027
Black,2003,South Carolina,1231581
Black,2003,South Dakota,8188
Black,2003,Tennessee,993443
Black,2003,Texas,2646739
Black,2003,Utah,27680
Black,2003,Virginia,1496240
Black,2003,Washington,250925
Black,2003,West Virginia,62866
Black,2003,Wisconsin,346353
Black,2003,Wyoming,5386
Black,2004,Alabama,1199192
Black,2004,Alaska,28663
Black,2004,Arizona,226956
Black,2004,Arkansas,438712
Black,2004,California,2603152
Black,2004,Colorado,208322
Black,2004,Connecticut,375875
Black,2004,Delaware,175605
Black,2004,District of Columbia,335297
Black,2004,Florida,2786446
Black,2004,Georgia,2635336
Black,2004,Hawaii,32914
Black,2004,Idaho,10823
Black,2004,Illinois,1944473
Black,2004,Indiana,575734
Black,2004,Iowa,81906
Black,2004,Kansas,175310
Black,2004,Kentucky,328546
Black,2004,Louisiana,1509822
Black,2004,Maine,13758
Black,2004,Maryland,1652016
Black,2004,Massachusetts,472524
Black,2004,Michigan,1492884
Black,2004,Minnesota,242890
Black,2004,Mississippi,1062637
Black,2004,Missouri,685468
Black,2004,Montana,5611
Black,2004,Nebraska,82391
Black,2004,Nevada,194114
Black,2004,New Hampshire,15590
Black,2004,New Jersey,1288238
Black,2004,New Mexico,48580
Black,2004,New York,3464246
Black,2004,North Carolina,1901343
Black,2004,Ohio,1427023
Black,2004,Oklahoma,290375
Black,2004,Oregon,77674
Black,2004,Pennsylvania,1372319
Black,2004,Rhode Island,75540
Black,2004,South Carolina,1244041
Black,2004,South Dakota,8828
Black,2004,Tennessee,1009077
Black,2004,Texas,2697339
Black,2004,Utah,29165
Black,2004,Vermont,5862
Black,2004,Virginia,1519571
Black,2004,Washington,257470
Black,2004,West Virginia,63682
Black,2004,Wisconsin,352749
Black,2004,Wyoming,5634
Black,2005,Alabama,1210903
Black,2005,Alaska,28771
Black,2005,Arizona,243074
Black,2005,Arkansas,442674
Black,2005,California,2615407
Black,2005,Colorado,211476
Black,2005,Connecticut,381552
Black,2005,Delaware,181480
Black,2005,District of Columbia,329329
Black,2005,Florida,2881786
Black,2005,Georgia,2702396
Black,2005,Hawaii,33769
Black,2005,Idaho,11770
Black,2005,Illinois,1944853
Black,2005,Indiana,586943
Black,2005,Iowa,85616
Black,2005,Kansas,176749
Black,2005,Kentucky,334402
Black,2005,Louisiana,1521031
Black,2005,Maine,15087
Black,2005,Maryland,1680707
Black,2005,Massachusetts,481830
Black,2005,Michigan,1494262
Black,2005,Minnesota,254634
Black,2005,Mississippi,1070369
Black,2005,Missouri,694231
Black,2005,Montana,5844
Black,2005,Nebraska,84487
Black,2005,Nevada,207275
Black,2005,New Hampshire,16470
Black,2005,New Jersey,1293607
Black,2005,New Mexico,50040
Black,2005,New York,3457681
Black,2005,North Carolina,1936792
Black,2005,North Dakota,7741
Black,2005,Ohio,1441701
Black,2005,Oklahoma,293204
Black,2005,Oregon,80011
Black,2005,Pennsylvania,1395186
Black,2005,Rhode Island,77032
Black,2005,South Carolina,1255105
Black,2005,South Dakota,9547
Black,2005,Tennessee,1026372
Black,2005,Texas,2753898
Black,2005,Utah,31217
Black,2005,Vermont,6377
Black,2005,Virginia,1541027
Black,2005,Washington,264736
Black,2005,West Virginia,64664
Black,2005,Wisconsin,359771
Black,2005,Wyoming,5845
Black,2006,Alabama,1230534
Black,2006,Alaska,29078
Black,2006,Arizona,262150
Black,2006,Arkansas,450382
Black,2006,California,2626937
Black,2006,Colorado,218810
Black,2006,Connecticut,388120
Black,2006,Delaware,187148
Black,2006,District of Columbia,325064
Black,2006,Florida,2969250
Black,2006,Georgia,2805927
Black,2006,Hawaii,33889
Black,2006,Idaho,12702
Black,2006,Illinois,1947836
Black,2006,Indiana,600368
Black,2006,Iowa,90031
Black,2006,Kansas,180509
Black,2006,Kentucky,339736
Black,2006,Louisiana,1369467
Black,2006,Maine,16243
Black,2006,Maryland,1705298
Black,2006,Massachusetts,492621
Black,2006,Michigan,1494911
Black,2006,Minnesota,268698
Black,2006,Mississippi,1080399
Black,2006,Missouri,704464
Black,2006,Montana,6227
Black,2006,Nebraska,86994
Black,2006,Nevada,221504
Black,2006,New Hampshire,17556
Black,2006,New Jersey,1298653
Black,2006,New Mexico,51749
Black,2006,New York,3453892
Black,2006,North Carolina,1986797
Black,2006,North Dakota,8174
Black,2006,Ohio,1457396
Black,2006,Oklahoma,299029
Black,2006,Oregon,83196
Black,2006,Pennsylvania,1421259
Black,2006,Rhode Island,78412
Black,2006,South Carolina,1273536
Black,2006,South Dakota,10173
Black,2006,Tennessee,1047600
Black,2006,Texas,2904002
Black,2006,Utah,33424
Black,2006,Vermont,6911
Black,2006,Virginia,1565510
Black,2006,Washington,275137
Black,2006,West Virginia,66217
Black,2006,Wisconsin,367132
Black,2006,Wyoming,6055
Black,2007,Alabama,1243867
Black,2007,Alaska,29592
Black,2007,Arizona,278537
Black,2007,Arkansas,453433
Black,2007,California,2639369
Black,2007,Colorado,224746
Black,2007,Connecticut,394640
Black,2007,Delaware,192615
Black,2007,District of Columbia,321494
Black,2007,Florida,3029024
Black,2007,Georgia,2891925
Black,2007,Hawaii,32822
Black,2007,Idaho,13628
Black,2007,Illinois,1951157
Black,2007,Indiana,612333
Black,2007,Iowa,94830
Black,2007,Kansas,183812
Black,2007,Kentucky,347061
Black,2007,Louisiana,1411396
Black,2007,Maine,17339
Black,2007,Maryland,1724204
Black,2007,Massachusetts,503993
Black,2007,Michigan,1492428
Black,2007,Minnesota,282436
Black,2007,Mississippi,1092496
Black,2007,Missouri,712454
Black,2007,Montana,6460
Black,2007,Nebraska,89065
Black,2007,Nevada,233966
Black,2007,New Hampshire,18115
Black,2007,New Jersey,1304334
Black,2007,New Mexico,53356
Black,2007,New York,3456802
Black,2007,North Carolina,2035660
Black,2007,North Dakota,8538
Black,2007,Ohio,1473382
Black,2007,Oklahoma,304098
Black,2007,Oregon,86203
Black,2007,Pennsylvania,1445762
Black,2007,Rhode Island,80091
Black,2007,South Carolina,1289462
Black,2007,South Dakota,11082
Black,2007,Tennessee,1062187
Black,2007,Texas,2962118
Black,2007,Utah,36225
Black,2007,Vermont,7264
Black,2007,Virginia,1583256
Black,2007,Washington,283382
Black,2007,West Virginia,67505
Black,2007,Wisconsin,374709
Black,2007,Wyoming,6455
Black,2008,Alabama,1259177
Black,2008,Alaska,30075
Black,2008,Arizona,294617
Black,2008,Arkansas,458375
Black,2008,California,2662354
Black,2008,Colorado,231792
Black,2008,Connecticut,401643
Black,2008,Delaware,197813
Black,2008,District of Columbia,318392
Black,2008,Florida,3086395
Black,2008,Georgia,2962628
Black,2008,Hawaii,33067
Black,2008,Idaho,14244
Black,2008,Illinois,1955231
Black,2008,Indiana,624185
Black,2008,Iowa,99622
Black,2008,Kansas,188485
Black,2008,Kentucky,352036
Black,2008,Louisiana,1444476
Black,2008,Maine,18505
Black,2008,Maryland,1741767
Black,2008,Massachusetts,517040
Black,2008,Michigan,1485681
Black,2008,Minnesota,294544
Black,2008,Mississippi,1103216
Black,2008,Missouri,719723
Black,2008,Montana,6665
Black,2008,Nebraska,91900
Black,2008,Nevada,244200
Black,2008,New Hampshire,18948
Black,2008,New Jersey,1311696
Black,2008,New Mexico,54341
Black,2008,New York,3473867
Black,2008,North Carolina,2084901
Black,2008,North Dakota,8994
Black,2008,Ohio,1488002
Black,2008,Oklahoma,307270
Black,2008,Oregon,89386
Black,2008,Pennsylvania,1469600
Black,2008,Rhode Island,81603
Black,2008,South Carolina,1308465
Black,2008,South Dakota,11798
Black,2008,Tennessee,1074684
Black,2008,Texas,3027152
Black,2008,Utah,38231
Black,2008,Vermont,7759
Black,2008,Virginia,1602530
Black,2008,Washington,294548
Black,2008,West Virginia,68836
Black,2008,Wisconsin,381998
Black,2008,Wyoming,6502
Black,2009,Alabama,1271247
Black,2009,Alaska,30573
Black,2009,Arizona,308020
Black,2009,Arkansas,462207
Black,2009,California,2691724
Black,2009,Colorado,239309
Black,2009,Connecticut,409897
Black,2009,Delaware,201775
Black,2009,District of Columbia,317978
Black,2009,Florida,3133488
Black,2009,Georgia,3023009
Black,2009,Hawaii,33296
Black,2009,Idaho,15054
Black,2009,Illinois,1960826
Black,2009,Indiana,635234
Black,2009,Iowa,104045
Black,2009,Kansas,192058
Black,2009,Kentucky,359228
Black,2009,Louisiana,1468988
Black,2009,Maine,19452
Black,2009,Maryland,1764644
Black,2009,Massachusetts,530509
Black,2009,Michigan,1481101
Black,2009,Minnesota,304750
Black,2009,Mississippi,1108721
Black,2009,Missouri,728187
Black,2009,Montana,6917
Black,2009,Nebraska,94396
Black,2009,Nevada,251426
Black,2009,New Hampshire,19530
Black,2009,New Jersey,1323532
Black,2009,New Mexico,56276
Black,2009,New York,3498751
Black,2009,North Carolina,2125058
Black,2009,North Dakota,9994
Black,2009,Ohio,1501406
Black,2009,Oklahoma,314025
Black,2009,Oregon,92275
Black,2009,Pennsylvania,1492281
Black,2009,Rhode Island,83320
Black,2009,South Carolina,1320564
Black,2009,South Dakota,12745
Black,2009,Tennessee,1087674
Black,2009,Texas,3101293
Black,2009,Utah,40659
Black,2009,Vermont,8372
Black,2009,Virginia,1623781
Black,2009,Washington,305941
Black,2009,West Virginia,70465
Black,2009,Wisconsin,389316
Black,2009,Wyoming,7133
Black,2010,Alabama,1279072
Black,2010,Alaska,31404
Black,2010,Arizona,316039
Black,2010,Arkansas,466200
Black,2010,California,2718779
Black,2010,Colorado,245200
Black,2010,Connecticut,416130
Black,2010,Delaware,204730
Black,2010,District of Columbia,317619
Black,2010,Florida,3172720
Black,2010,Georgia,3057817
Black,2010,Hawaii,33390
Black,2010,Idaho,15104
Black,2010,Illinois,1965842
Black,2010,Indiana,643598
Black,2010,Iowa,107203
Black,2010,Kansas,195412
Black,2010,Kentucky,364148
Black,2010,Louisiana,1485375
Black,2010,Maine,19674
Black,2010,Maryland,1783183
Black,2010,Massachusetts,539664
Black,2010,Michigan,1483261
Black,2010,Minnesota,311471
Black,2010,Mississippi,1115323
Black,2010,Missouri,734657
Black,2010,Montana,6917
Black,2010,Nebraska,96172
Black,2010,Nevada,255727
Black,2010,New Hampshire,19902
Black,2010,New Jersey,1333527
Black,2010,New Mexico,57717
Black,2010,New York,3523196
Black,2010,North Carolina,2151978
Black,2010,North Dakota,10145
Black,2010,Ohio,1510985
Black,2010,Oklahoma,319116
Black,2010,Oregon,94276
Black,2010,Pennsylvania,1506459
Black,2010,Rhode Island,84466
Black,2010,South Carolina,1329507
Black,2010,South Dakota,13356
Black,2010,Tennessee,1097940
Black,2010,Texas,3156011
Black,2010,Utah,42194
Black,2010,Vermont,8368
Black,2010,Virginia,1640836
Black,2010,Washington,310869
Black,2010,West Virginia,71260
Black,2010,Wisconsin,394478
Black,2010,Wyoming,6917
Black,2011,Alabama,1293037
Black,2011,Alaska,33368
Black,2011,Arizona,327548
Black,2011,Arkansas,471035
Black,2011,California,2749509
Black,2011,Colorado,254320
Black,2011,Connecticut,420735
Black,2011,Delaware,207425
Black,2011,District of Columbia,320832
Black,2011,Florida,3242646
Black,2011,Georgia,3113361
Black,2011,Hawaii,38852
Black,2011,Idaho,16880
Black,2011,Illinois,1971805
Black,2011,Indiana,652559
Black,2011,Iowa,110753
Black,2011,Kansas,199790
Black,2011,Kentucky,372115
Black,2011,Louisiana,1506336
Black,2011,Maine,20472
Black,2011,Maryland,1802494
Black,2011,Massachusetts,549080
Black,2011,Michigan,1488254
Black,2011,Minnesota,319140
Black,2011,Mississippi,1125114
Black,2011,Missouri,740525
Black,2011,Montana,8421
Black,2011,Nebraska,98120
Black,2011,Nevada,259830
Black,2011,New Hampshire,21080
Black,2011,New Jersey,1343487
Black,2011,New Mexico,61456
Black,2011,New York,3556174
Black,2011,North Carolina,2188334
Black,2011,North Dakota,11300
Black,2011,Ohio,1521089
Black,2011,Oklahoma,327715
Black,2011,Oregon,97912
Black,2011,Pennsylvania,1521882
Black,2011,Rhode Island,85186
Black,2011,South Carolina,1343297
Black,2011,South Dakota,14762
Black,2011,Tennessee,1114647
Black,2011,Texas,3231968
Black,2011,Utah,45028
Black,2011,Vermont,8889
Black,2011,Virginia,1664318
Black,2011,Washington,324542
Black,2011,West Virginia,73596
Black,2011,Wisconsin,399745
Black,2011,Wyoming,8052
Black,2012,Alabama,1302210
Black,2012,Alaska,35109
Black,2012,Arizona,336915
Black,2012,Arkansas,473402
Black,2012,California,2767389
Black,2012,Colorado,259561
Black,2012,Connecticut,426892
Black,2012,Delaware,211248
Black,2012,District of Columbia,324476
Black,2012,Florida,3311596
Black,2012,Georgia,3163293
Black,2012,Hawaii,41541
Black,2012,Idaho,16896
Black,2012,Illinois,1968408
Black,2012,Indiana,660228
Black,2012,Iowa,114463
Black,2012,Kansas,203096
Black,2012,Kentucky,377606
Black,2012,Louisiana,1516716
Black,2012,Maine,21376
Black,2012,Maryland,1822097
Black,2012,Massachusetts,564804
Black,2012,Michigan,1488275
Black,2012,Minnesota,332106
Black,2012,Mississippi,1129882
Black,2012,Missouri,743924
Black,2012,Montana,8849
Black,2012,Nebraska,100174
Black,2012,Nevada,271301
Black,2012,New Hampshire,22230
Black,2012,New Jersey,1354962
Black,2012,New Mexico,60900
Black,2012,New York,3583475
Black,2012,North Carolina,2217811
Black,2012,North Dakota,12893
Black,2012,Ohio,1530803
Black,2012,Oklahoma,330614
Black,2012,Oregon,99831
Black,2012,Pennsylvania,1538330
Black,2012,Rhode Island,86958
Black,2012,South Carolina,1351898
Black,2012,South Dakota,17276
Black,2012,Tennessee,1131376
Black,2012,Texas,3313287
Black,2012,Utah,46356
Black,2012,Vermont,9018
Black,2012,Virginia,1679707
Black,2012,Washington,333148
Black,2012,West Virginia,73967
Black,2012,Wisconsin,403754
Black,2012,Wyoming,10665
Black,2013,Alabama,1307660
Black,2013,Alaska,36376
Black,2013,Arizona,347699
Black,2013,Arkansas,475853
Black,2013,California,2778851
Black,2013,Colorado,266564
Black,2013,Connecticut,434310
Black,2013,Delaware,214516
Black,2013,District of Columbia,328102
Black,2013,Florida,3371252
Black,2013,Georgia,3206522
Black,2013,Hawaii,44268
Black,2013,Idaho,18002
Black,2013,Illinois,1965178
Black,2013,Indiana,669408
Black,2013,Iowa,119604
Black,2013,Kansas,205055
Black,2013,Kentucky,383114
Black,2013,Louisiana,1526736
Black,2013,Maine,22004
Black,2013,Maryland,1844337
Black,2013,Massachusetts,580805
Black,2013,Michigan,1485621
Black,2013,Minnesota,343718
Black,2013,Mississippi,1133698
Black,2013,Missouri,749790
Black,2013,Montana,9230
Black,2013,Nebraska,102463
Black,2013,Nevada,278299
Black,2013,New Hampshire,23374
Black,2013,New Jersey,1366160
Black,2013,New Mexico,62008
Black,2013,New York,3606924
Black,2013,North Carolina,2244173
Black,2013,North Dakota,15769
Black,2013,Ohio,1544643
Black,2013,Oklahoma,336487
Black,2013,Oregon,101720
Black,2013,Pennsylvania,1554879
Black,2013,Rhode Island,88475
Black,2013,South Carolina,1362515
Black,2013,South Dakota,19294
Black,2013,Tennessee,1142045
Black,2013,Texas,3386416
Black,2013,Utah,48253
Black,2013,Vermont,9587
Black,2013,Virginia,1695095
Black,2013,Washington,344242
Black,2013,West Virginia,75151
Black,2013,Wisconsin,407587
Black,2013,Wyoming,12439
Black,2014,Alabama,1317566
Black,2014,Alaska,36889
Black,2014,Arizona,360893
Black,2014,Arkansas,478462
Black,2014,California,2808562
Black,2014,Colorado,275766
Black,2014,Connecticut,440994
Black,2014,Delaware,217941
Black,2014,District of Columbia,331672
Black,2014,Florida,3451906
Black,2014,Georgia,3260440
Black,2014,Hawaii,46577
Black,2014,Idaho,18928
Black,2014,Illinois,1964390
Black,2014,Indiana,678326
Black,2014,Iowa,125162
Black,2014,Kansas,207381
Black,2014,Kentucky,388837
Black,2014,Louisiana,1538168
Black,2014,Maine,23257
Black,2014,Maryland,1868002
Black,2014,Massachusetts,601765
Black,2014,Michigan,1487623
Black,2014,Minnesota,357154
Black,2014,Mississippi,1137829
Black,2014,Missouri,755768
Black,2014,Montana,9626
Black,2014,Nebraska,104828
Black,2014,Nevada,287687
Black,2014,New Hampshire,23904
Black,2014,New Jersey,1381439
Black,2014,New Mexico,63023
Black,2014,New York,3648167
Black,2014,North Carolina,2272052
Black,2014,North Dakota,18407
Black,2014,Ohio,1561477
Black,2014,Oklahoma,341243
Black,2014,Oregon,104808
Black,2014,Pennsylvania,1572487
Black,2014,Rhode Island,91554
Black,2014,South Carolina,1374865
Black,2014,South Dakota,19688
Black,2014,Tennessee,1155583
Black,2014,Texas,3471829
Black,2014,Utah,50205
Black,2014,Vermont,10025
Black,2014,Virginia,1711801
Black,2014,Washington,355573
Black,2014,West Virginia,75917
Black,2014,Wisconsin,411489
Black,2014,Wyoming,11459
Black,2015,Alabama,1325905
Black,2015,Alaska,37042
Black,2015,Arizona,374864
Black,2015,Arkansas,481843
Black,2015,California,2827821
Black,2015,Colorado,284005
Black,2015,Connecticut,445929
Black,2015,Delaware,221986
Black,2015,District of Columbia,333883
Black,2015,Florida,3528984
Black,2015,Georgia,3320419
Black,2015,Hawaii,49249
Black,2015,Idaho,19519
Black,2015,Illinois,1962578
Black,2015,Indiana,685966
Black,2015,Iowa,129926
Black,2015,Kansas,209415
Black,2015,Kentucky,392826
Black,2015,Louisiana,1546176
Black,2015,Maine,23542
Black,2015,Maryland,1890111
Black,2015,Massachusetts,619655
Black,2015,Michigan,1489718
Black,2015,Minnesota,366862
Black,2015,Mississippi,1140310
Black,2015,Missouri,761321
Black,2015,Montana,9958
Black,2015,Nebraska,106950
Black,2015,Nevada,298727
Black,2015,New Hampshire,24188
Black,2015,New Jersey,1392086
Black,2015,New Mexico,64016
Black,2015,New York,3665284
Black,2015,North Carolina,2301313
Black,2015,North Dakota,21487
Black,2015,Ohio,1578549
Black,2015,Oklahoma,346973
Black,2015,Oregon,108507
Black,2015,Pennsylvania,1588739
Black,2015,Rhode Island,93775
Black,2015,South Carolina,1387150
Black,2015,South Dakota,19616
Black,2015,Tennessee,1167771
Black,2015,Texas,3557565
Black,2015,Utah,51263
Black,2015,Vermont,10569
Black,2015,Virginia,1729691
Black,2015,Washington,366391
Black,2015,West Virginia,76375
Black,2015,Wisconsin,415631
Black,2015,Wyoming,10767
Black,2016,Alabama,1329648
Black,2016,Alaska,36438
Black,2016,Arizona,385444
Black,2016,Arkansas,484598
Black,2016,California,2829264
Black,2016,Colorado,289206
Black,2016,Connecticut,449615
Black,2016,Delaware,225293
Black,2016,District of Columbia,334736
Black,2016,Florida,3597739
Black,2016,Georgia,3384642
Black,2016,Hawaii,43301
Black,2016,Idaho,20021
Black,2016,Illinois,1953836
Black,2016,Indiana,692488
Black,2016,Iowa,135448
Black,2016,Kansas,206845
Black,2016,Kentucky,395083
Black,2016,Louisiana,1554167
Black,2016,Maine,24452
Black,2016,Maryland,1907689
Black,2016,Massachusetts,634682
Black,2016,Michigan,1488644
Black,2016,Minnesota,383880
Black,2016,Mississippi,1142681
Black,2016,Missouri,765154
Black,2016,Montana,9806
Black,2016,Nebraska,108122
Black,2016,Nevada,313615
Black,2016,New Hampshire,24781
Black,2016,New Jersey,1401290
Black,2016,New Mexico,62757
Black,2016,New York,3667316
Black,2016,North Carolina,2333929
Black,2016,North Dakota,25556
Black,2016,Ohio,1592236
Black,2016,Oklahoma,348988
Black,2016,Oregon,112667
Black,2016,Pennsylvania,1599349
Black,2016,Rhode Island,96458
Black,2016,South Carolina,1398222
Black,2016,South Dakota,21367
Black,2016,Tennessee,1177064
Black,2016,Texas,3634085
Black,2016,Utah,53098
Black,2016,Vermont,10612
Black,2016,Virginia,1741448
Black,2016,Washington,376367
Black,2016,West Virginia,75405
Black,2016,Wisconsin,417195
Black,2016,Wyoming,10293
Black,2017,Alabama,1335240
Black,2017,Alaska,36257
Black,2017,Arizona,397421
Black,2017,Arkansas,487926
Black,2017,California,2841787
Black,2017,Colorado,295430
Black,2017,Connecticut,456300
Black,2017,Delaware,230038
Black,2017,District of Columbia,336542
Black,2017,Florida,3678445
Black,2017,Georgia,3447386
Black,2017,Hawaii,43413
Black,2017,Idaho,21230
Black,2017,Illinois,1950271
Black,2017,Indiana,702537
Black,2017,Iowa,141575
Black,2017,Kansas,207469
Black,2017,Kentucky,401334
Black,2017,Louisiana,1558498
Black,2017,Maine,25673
Black,2017,Maryland,1926348
Black,2017,Massachusetts,653142
Black,2017,Michigan,1493499
Black,2017,Minnesota,406448
Black,2017,Mississippi,1142650
Black,2017,Missouri,768926
Black,2017,Montana,10081
Black,2017,Nebraska,111036
Black,2017,Nevada,328672
Black,2017,New Hampshire,25935
Black,2017,New Jersey,1412387
Black,2017,New Mexico,63539
Black,2017,New York,3695842
Black,2017,North Carolina,2364451
Black,2017,North Dakota,26886
Black,2017,Ohio,1613123
Black,2017,Oklahoma,351707
Black,2017,Oregon,117380
Black,2017,Pennsylvania,1617500
Black,2017,Rhode Island,98640
Black,2017,South Carolina,1409678
Black,2017,South Dakota,22717
Black,2017,Tennessee,1189804
Black,2017,Texas,3717259
Black,2017,Utah,55468
Black,2017,Vermont,11014
Black,2017,Virginia,1760262
Black,2017,Washington,387793
Black,2017,West Virginia,74674
Black,2017,Wisconsin,422159
Black,2017,Wyoming,10016
Black,2018,Alabama,1338846
Black,2018,Alaska,36711
Black,2018,Arizona,413873
Black,2018,Arkansas,489759
Black,2018,California,2851095
Black,2018,Colorado,303260
Black,2018,Connecticut,459499
Black,2018,Delaware,233113
Black,2018,District of Columbia,336228
Black,2018,Florida,3736443
Black,2018,Georgia,3499496
Black,2018,Hawaii,43434
Black,2018,Idaho,22301
Black,2018,Illinois,1940291
Black,2018,Indiana,713302
Black,2018,Iowa,146954
Black,2018,Kansas,207156
Black,2018,Kentucky,405485
Black,2018,Louisiana,1557173
Black,2018,Maine,26619
Black,2018,Maryland,1932392
Black,2018,Massachusetts,669506
Black,2018,Michigan,1496029
Black,2018,Minnesota,423054
Black,2018,Mississippi,1145398
Black,2018,Missouri,772024
Black,2018,Montana,10321
Black,2018,Nebraska,113369
Black,2018,Nevada,341394
Black,2018,New Hampshire,28212
Black,2018,New Jersey,1404125
Black,2018,New Mexico,64722
Black,2018,New York,3634305
Black,2018,North Carolina,2394548
Black,2018,North Dakota,29102
Black,2018,Ohio,1630541
Black,2018,Oklahoma,353715
Black,2018,Oregon,121398
Black,2018,Pennsylvania,1632313
Black,2018,Rhode Island,99936
Black,2018,South Carolina,1418868
Black,2018,South Dakota,25429
Black,2018,Tennessee,1198663
Black,2018,Texas,3803248
Black,2018,Utah,58537
Black,2018,Vermont,11373
Black,2018,Virginia,1773427
Black,2018,Washington,403402
Black,2018,West Virginia,75210
Black,2018,Wisconsin,427026
Black,2018,Wyoming,10221
Black,2019,Alabama,1342306
Black,2019,Alaska,35955
Black,2019,Arizona,428589
Black,2019,Arkansas,491009
Black,2019,California,2853140
Black,2019,Colorado,309178
Black,2019,Connecticut,465439
Black,2019,Delaware,236868
Black,2019,District of Columbia,334846
Black,2019,Florida,3774446
Black,2019,Georgia,3549778
Black,2019,Hawaii,43387
Black,2019,Idaho,23148
Black,2019,Illinois,1934399
Black,2019,Indiana,726166
Black,2019,Iowa,150737
Black,2019,Kansas,207755
Black,2019,Kentucky,408675
Black,2019,Louisiana,1556514
Black,2019,Maine,27555
Black,2019,Maryland,1944767
Black,2019,Massachusetts,675621
Black,2019,Michigan,1497477
Black,2019,Minnesota,439435
Black,2019,Mississippi,1141493
Black,2019,Missouri,774069
Black,2019,Montana,10632
Black,2019,Nebraska,115754
Black,2019,Nevada,353548
Black,2019,New Hampshire,29386
Black,2019,New Jersey,1404990
Black,2019,New Mexico,66216
Black,2019,New York,3611420
Black,2019,North Carolina,2421439
Black,2019,North Dakota,29633
Black,2019,Ohio,1640963
Black,2019,Oklahoma,355533
Black,2019,Oregon,123019
Black,2019,Pennsylvania,1643677
Black,2019,Rhode Island,101969
Black,2019,South Carolina,1428188
Black,2019,South Dakota,24868
Black,2019,Tennessee,1209147
Black,2019,Texas,3873093
Black,2019,Utah,60833
Black,2019,Vermont,11449
Black,2019,Virginia,1781520
Black,2019,Washington,414916
Black,2019,West Virginia,74683
Black,2019,Wisconsin,429528
Black,2019,Wyoming,10237
Black,2020,Alabama,1350111
Black,2020,Alaska,36078
Black,2020,Arizona,450623
Black,2020,Arkansas,494526
Black,2020,California,2871450
Black,2020,Colorado,316428
Black,2020,Connecticut,476687
Black,2020,Delaware,242960
Black,2020,District of Columbia,335168
Black,2020,Florida,3840185
Black,2020,Georgia,3606257
Black,2020,Hawaii,43240
Black,2020,Idaho,23969
Black,2020,Illinois,1937515
Black,2020,Indiana,741160
Black,2020,Iowa,156619
Black,2020,Kansas,210495
Black,2020,Kentucky,413976
Black,2020,Louisiana,1561145
Black,2020,Maine,28894
Black,2020,Maryland,1963360
Black,2020,Massachusetts,689362
Black,2020,Michigan,1499982
Black,2020,Minnesota,456060
Black,2020,Mississippi,1141283
Black,2020,Missouri,776770
Black,2020,Montana,11046
Black,2020,Nebraska,118129
Black,2020,Nevada,368812
Black,2020,New Hampshire,30696
Black,2020,New Jersey,1421916
Black,2020,New Mexico,68577
Black,2020,New York,3604597
Black,2020,North Carolina,2453861
Black,2020,North Dakota,30495
Black,2020,Ohio,1658318
Black,2020,Oklahoma,361521
Black,2020,Oregon,125990
Black,2020,Pennsylvania,1660533
Black,2020,Rhode Island,104211
Black,2020,South Carolina,1441509
Black,2020,South Dakota,26365
Black,2020,Tennessee,1219237
Black,2020,Texas,3984144
Black,2020,Utah,62659
Black,2020,Vermont,11678
Black,2020,Virginia,1801495
Black,2020,Washington,430125
Black,2020,West Virginia,75782
Black,2020,Wisconsin,435275
Black,2020,Wyoming,9971
White,1999,Alabama,3211308
White,1999,Alaska,462052
White,1999,Arizona,4460582
White,1999,Arkansas,2187944
White,1999,California,26492434
White,1999,Colorado,3882901
White,1999,Connecticut,2944775
White,1999,Delaware,601213
White,1999,District of Columbia,197359
White,1999,Florida,12978723
White,1999,Georgia,5503608
White,1999,Hawaii,362728
White,1999,Idaho,1236009
White,1999,Illinois,9951765
White,1999,Indiana,5439927
White,1999,Iowa,2806468
White,1999,Kansas,2435163
White,1999,Kentucky,3676835
White,1999,Louisiana,2915561
White,1999,Maine,1241976
White,1999,Maryland,3511643
White,1999,Massachusetts,5632754
White,1999,Michigan,8186898
White,1999,Minnesota,4484942
White,1999,Mississippi,1760835
White,1999,Missouri,4824973
White,1999,Montana,830780
White,1999,Nebraska,1594738
White,1999,Nevada,1657752
White,1999,New Hampshire,1192000
White,1999,New Jersey,6609191
White,1999,New Mexico,1563421
White,1999,New York,14235763
White,1999,North Carolina,5970867
White,1999,North Dakota,604999
White,1999,Ohio,9816458
White,1999,Oklahoma,2800181
White,1999,Oregon,3154256
White,1999,Pennsylvania,10734583
White,1999,Rhode Island,945387
White,1999,South Carolina,2729841
White,1999,South Dakota,678197
White,1999,Tennessee,4625327
White,1999,Texas,17358613
White,1999,Utah,2092488
White,1999,Vermont,593357
White,1999,Virginia,5282184
White,1999,Washington,5138607
White,1999,West Virginia,1740096
White,1999,Wisconsin,4874589
White,1999,Wyoming,472739
White,2000,Alabama,3218218
White,2000,Alaska,460782
White,2000,Arizona,4554233
White,2000,Arkansas,2203157
White,2000,California,26748991
White,2000,Colorado,3941906
White,2000,Connecticut,2953244
White,2000,Delaware,605429
White,2000,District of Columbia,198984
White,2000,Florida,13132090
White,2000,Georgia,5572036
White,2000,Hawaii,360274
White,2000,Idaho,1250538
White,2000,Illinois,9981520
White,2000,Indiana,5460032
White,2000,Iowa,2805323
White,2000,Kansas,2437323
White,2000,Kentucky,3690141
White,2000,Louisiana,2912011
White,2000,Maine,1247712
White,2000,Maryland,3522415
White,2000,Massachusetts,5642547
White,2000,Michigan,8205268
White,2000,Minnesota,4506574
White,2000,Mississippi,1770126
White,2000,Missouri,4841938
White,2000,Montana,832467
White,2000,Nebraska,1594895
White,2000,Nevada,1705295
White,2000,New Hampshire,1202862
White,2000,New Jersey,6629830
White,2000,New Mexico,1565780
White,2000,New York,14263541
White,2000,North Carolina,6037509
White,2000,North Dakota,600226
White,2000,Ohio,9812402
White,2000,Oklahoma,2803557
White,2000,Oregon,3172360
White,2000,Pennsylvania,10725447
White,2000,Rhode Island,949046
White,2000,South Carolina,2754751
White,2000,South Dakota,678523
White,2000,Tennessee,4657382
White,2000,Texas,17575478
White,2000,Utah,2117025
White,2000,Vermont,595963
White,2000,Virginia,5324398
White,2000,Washington,5166838
White,2000,West Virginia,1732909
White,2000,Wisconsin,4891131
White,2000,Wyoming,473335
White,2001,Alabama,3225628
White,2001,Alaska,463818
White,2001,Arizona,4669299
White,2001,Arkansas,2214656
White,2001,California,27098184
White,2001,Colorado,4046133
White,2001,Connecticut,2965228
White,2001,Delaware,610442
White,2001,District of Columbia,204684
White,2001,Florida,13392855
White,2001,Georgia,5668444
White,2001,Hawaii,365535
White,2001,Idaho,1273704
White,2001,Illinois,10015499
White,2001,Indiana,5488228
White,2001,Iowa,2805838
White,2001,Kansas,2444755
White,2001,Kentucky,3707359
White,2001,Louisiana,2910410
White,2001,Maine,1256397
White,2001,Maryland,3546882
White,2001,Massachusetts,5655031
White,2001,Michigan,8230173
White,2001,Minnesota,4544899
White,2001,Mississippi,1771836
White,2001,Missouri,4870383
White,2001,Montana,835441
White,2001,Nebraska,1598826
White,2001,Nevada,1777260
White,2001,New Hampshire,1218748
White,2001,New Jersey,6652117
White,2001,New Mexico,1572453
White,2001,New York,14281400
White,2001,North Carolina,6141590
White,2001,North Dakota,595709
White,2001,Ohio,9816057
White,2001,Oklahoma,2807711
White,2001,Oregon,3206792
White,2001,Pennsylvania,10707684
White,2001,Rhode Island,953319
White,2001,South Carolina,2789474
White,2001,South Dakota,679387
White,2001,Tennessee,4696634
White,2001,Texas,17922031
White,2001,Utah,2161013
White,2001,Vermont,598383
White,2001,Virginia,5394417
White,2001,Washington,5223085
White,2001,West Virginia,1725478
White,2001,Wisconsin,4918108
White,2001,Wyoming,473249
White,2002,Alabama,3229712
White,2002,Alaska,468708
White,2002,Arizona,4766279
White,2002,Arkansas,2224117
White,2002,California,27309018
White,2002,Colorado,4097747
White,2002,Connecticut,2975939
White,2002,Delaware,615028
White,2002,District of Columbia,206332
White,2002,Florida,13623576
White,2002,Georgia,5727405
White,2002,Hawaii,371782
White,2002,Idaho,1291938
White,2002,Illinois,10028334
White,2002,Indiana,5501795
White,2002,Iowa,2803526
White,2002,Kansas,2450143
White,2002,Kentucky,3722159
White,2002,Louisiana,2916968
White,2002,Maine,1264617
White,2002,Maryland,3566844
White,2002,Massachusetts,5648553
White,2002,Michigan,8237822
White,2002,Minnesota,4561120
White,2002,Mississippi,1773296
White,2002,Missouri,4891238
White,2002,Montana,838973
White,2002,Nebraska,1603540
White,2002,Nevada,1828699
White,2002,New Hampshire,1229485
White,2002,New Jersey,6667078
White,2002,New Mexico,1589442
White,2002,New York,14276260
White,2002,North Carolina,6214771
White,2002,North Dakota,593517
White,2002,Ohio,9812513
White,2002,Oklahoma,2818258
White,2002,Oregon,3242079
White,2002,Pennsylvania,10705281
White,2002,Rhode Island,957652
White,2002,South Carolina,2820732
White,2002,South Dakota,679515
White,2002,Tennessee,4723797
White,2002,Texas,18192259
White,2002,Utah,2196834
White,2002,Vermont,600887
White,2002,Virginia,5444069
White,2002,Washington,5262109
White,2002,West Virginia,1728416
White,2002,Wisconsin,4942435
White,2002,Wyoming,477938
White,2003,Alabama,3241836
White,2003,Alaska,471541
White,2003,Arizona,4854518
White,2003,Arkansas,2237427
White,2003,California,27511542
White,2003,Colorado,4127630
White,2003,Connecticut,2986138
White,2003,Delaware,620499
White,2003,District of Columbia,206505
White,2003,Florida,13838602
White,2003,Georgia,5776586
White,2003,Hawaii,375506
White,2003,Idaho,1312571
White,2003,Illinois,10037309
White,2003,Indiana,5526320
White,2003,Iowa,2806004
White,2003,Kansas,2454735
White,2003,Kentucky,3743343
White,2003,Louisiana,2926521
White,2003,Maine,1272827
White,2003,Maryland,3579519
White,2003,Massachusetts,5630854
White,2003,Michigan,8245792
White,2003,Minnesota,4576328
White,2003,Mississippi,1776834
White,2003,Missouri,4913336
White,2003,Montana,845586
White,2003,Nebraska,1609719
White,2003,Nevada,1880102
White,2003,New Hampshire,1237630
White,2003,New Jersey,6674697
White,2003,New Mexico,1605625
White,2003,New York,14263472
White,2003,North Carolina,6271850
White,2003,North Dakota,592924
White,2003,Ohio,9814964
White,2003,Oklahoma,2824128
White,2003,Oregon,3267254
White,2003,Pennsylvania,10711817
White,2003,Rhode Island,958870
White,2003,South Carolina,2850639
White,2003,South Dakota,681095
White,2003,Tennessee,4757541
White,2003,Texas,18440940
White,2003,Utah,2227843
White,2003,Vermont,602530
White,2003,Virginia,5487553
White,2003,Washington,5289159
White,2003,West Virginia,1733784
White,2003,Wisconsin,4963767
White,2003,Wyoming,480960
White,2004,Alabama,3255811
White,2004,Alaska,478466
White,2004,Arizona,4965804
White,2004,Arkansas,2255345
White,2004,California,27663667
White,2004,Colorado,4160952
White,2004,Connecticut,2986255
White,2004,Delaware,626833
White,2004,District of Columbia,210252
White,2004,Florida,14131892
White,2004,Georgia,5841377
White,2004,Hawaii,383013
White,2004,Idaho,1338380
White,2004,Illinois,10047833
White,2004,Indiana,5546480
White,2004,Iowa,2812023
White,2004,Kansas,2460978
White,2004,Kentucky,3763011
White,2004,Louisiana,2940900
White,2004,Maine,1278082
White,2004,Maryland,3585789
White,2004,Massachusetts,5600102
White,2004,Michigan,8246288
White,2004,Minnesota,4589934
White,2004,Mississippi,1786952
White,2004,Missouri,4937590
White,2004,Montana,854417
White,2004,Nebraska,1616304
White,2004,Nevada,1947914
White,2004,New Hampshire,1245528
White,2004,New Jersey,6670703
White,2004,New Mexico,1625510
White,2004,New York,14222791
White,2004,North Carolina,6355906
White,2004,North Dakota,596952
White,2004,Ohio,9810680
White,2004,Oklahoma,2833383
White,2004,Oregon,3281938
White,2004,Pennsylvania,10708454
White,2004,Rhode Island,958378
White,2004,South Carolina,2894711
White,2004,South Dakota,685440
White,2004,Tennessee,4799162
White,2004,Texas,18705854
White,2004,Utah,2264136
White,2004,Vermont,603896
White,2004,Virginia,5550005
White,2004,Washington,5334934
White,2004,West Virginia,1736570
White,2004,Wisconsin,4986571
White,2004,Wyoming,485888
White,2005,Alabama,3279048
White,2005,Alaska,482692
White,2005,Arizona,5111992
White,2005,Arkansas,2278997
White,2005,California,27746395
White,2005,Colorado,4206548
White,2005,Connecticut,2984742
White,2005,Delaware,633398
White,2005,District of Columbia,215554
White,2005,Florida,14428647
White,2005,Georgia,5911406
White,2005,Hawaii,391585
White,2005,Idaho,1371294
White,2005,Illinois,10046377
White,2005,Indiana,5574542
White,2005,Iowa,2816975
White,2005,Kansas,2467205
White,2005,Kentucky,3790752
White,2005,Louisiana,2951023
White,2005,Maine,1281091
White,2005,Maryland,3587986
White,2005,Massachusetts,5570042
White,2005,Michigan,8231910
White,2005,Minnesota,4600739
White,2005,Mississippi,1794500
White,2005,Missouri,4965900
White,2005,Montana,862916
White,2005,Nebraska,1624229
White,2005,Nevada,2002853
White,2005,New Hampshire,1251338
White,2005,New Jersey,6654085
White,2005,New Mexico,1648132
White,2005,New York,14146723
White,2005,North Carolina,6456650
White,2005,North Dakota,596748
White,2005,Ohio,9798651
White,2005,Oklahoma,2845221
White,2005,Oregon,3315027
White,2005,Pennsylvania,10707324
White,2005,Rhode Island,949218
White,2005,South Carolina,2938716
White,2005,South Dakota,688470
White,2005,Tennessee,4856223
White,2005,Texas,18980757
White,2005,Utah,2313863
White,2005,Vermont,604380
White,2005,Virginia,5605707
White,2005,Washington,5383048
White,2005,West Virginia,1739381
White,2005,Wisconsin,5005823
White,2005,Wyoming,490272
White,2006,Alabama,3314160
White,2006,Alaska,487954
White,2006,Arizona,5255478
White,2006,Arkansas,2308449
White,2006,California,27773583
White,2006,Colorado,4278464
White,2006,Connecticut,2982114
White,2006,Delaware,640053
White,2006,District of Columbia,221264
White,2006,Florida,14634243
White,2006,Georgia,6014480
White,2006,Hawaii,399166
White,2006,Idaho,1408456
White,2006,Illinois,10054436
White,2006,Indiana,5608431
White,2006,Iowa,2828308
White,2006,Kansas,2478392
White,2006,Kentucky,3819323
White,2006,Louisiana,2834087
White,2006,Maine,1284124
White,2006,Maryland,3584885
White,2006,Massachusetts,5553858
White,2006,Michigan,8208506
White,2006,Minnesota,4620491
White,2006,Mississippi,1782659
White,2006,Missouri,5002188
White,2006,Montana,874054
White,2006,Nebraska,1630684
White,2006,Nevada,2060010
White,2006,New Hampshire,1258795
White,2006,New Jersey,6632976
White,2006,New Mexico,1672039
White,2006,New York,14077386
White,2006,North Carolina,6600137
White,2006,North Dakota,598442
White,2006,Ohio,9793409
White,2006,Oklahoma,2873569
White,2006,Oregon,3360395
White,2006,Pennsylvania,10724159
White,2006,Rhode Island,942374
White,2006,South Carolina,3003350
White,2006,South Dakota,693610
White,2006,Tennessee,4926508
White,2006,Texas,19346962
White,2006,Utah,2374257
White,2006,Vermont,605116
White,2006,Virginia,5654946
White,2006,Washington,5458060
White,2006,West Virginia,1744654
White,2006,Wisconsin,5024117
White,2006,Wyoming,497710
White,2007,Alabama,3340633
White,2007,Alaska,490413
White,2007,Arizona,5354405
White,2007,Arkansas,2328952
White,2007,California,27832336
White,2007,Colorado,4346486
White,2007,Connecticut,2979313
White,2007,Delaware,645106
White,2007,District of Columbia,228646
White,2007,Florida,14750985
White,2007,Georgia,6101972
White,2007,Hawaii,397872
White,2007,Idaho,1441249
White,2007,Illinois,10078343
White,2007,Indiana,5637322
White,2007,Iowa,2837532
White,2007,Kansas,2492659
White,2007,Kentucky,3846623
White,2007,Louisiana,2861100
White,2007,Maine,1285828
White,2007,Maryland,3578891
White,2007,Massachusetts,5552029
White,2007,Michigan,8170744
White,2007,Minnesota,4640023
White,2007,Mississippi,1792287
White,2007,Missouri,5033689
White,2007,Montana,884439
White,2007,Nebraska,1637196
White,2007,Nevada,2107687
White,2007,New Hampshire,1261147
White,2007,New Jersey,6615252
White,2007,New Mexico,1693476
White,2007,New York,14051624
White,2007,North Carolina,6733129
White,2007,North Dakota,600351
White,2007,Ohio,9789179
White,2007,Oklahoma,2897699
White,2007,Oregon,3399653
White,2007,Pennsylvania,10735235
White,2007,Rhode Island,934336
White,2007,South Carolina,3068677
White,2007,South Dakota,699485
White,2007,Tennessee,4992038
White,2007,Texas,19694301
White,2007,Utah,2437796
White,2007,Vermont,604985
White,2007,Virginia,5692111
White,2007,Washington,5514266
White,2007,West Virginia,1749103
White,2007,Wisconsin,5043468
White,2007,Wyoming,508757
White,2008,Alabama,3366536
White,2008,Alaska,493965
White,2008,Arizona,5429954
White,2008,Arkansas,2346846
White,2008,California,27990346
White,2008,Colorado,4414527
White,2008,Connecticut,2984016
White,2008,Delaware,650311
White,2008,District of Columbia,235420
White,2008,Florida,14832937
White,2008,Georgia,6165916
White,2008,Hawaii,403775
White,2008,Idaho,1467743
White,2008,Illinois,10102663
White,2008,Indiana,5664810
White,2008,Iowa,2847918
White,2008,Kansas,2508363
White,2008,Kentucky,3872310
White,2008,Louisiana,2883647
White,2008,Maine,1287317
White,2008,Maryland,3579667
White,2008,Massachusetts,5562217
White,2008,Michigan,8118649
White,2008,Minnesota,4657575
White,2008,Mississippi,1799399
White,2008,Missouri,5057536
White,2008,Montana,894799
White,2008,Nebraska,1644461
White,2008,Nevada,2135244
White,2008,New Hampshire,1262351
White,2008,New Jersey,6611708
White,2008,New Mexico,1707457
White,2008,New York,14057786
White,2008,North Carolina,6856233
White,2008,North Dakota,603568
White,2008,Ohio,9781972
White,2008,Oklahoma,2917406
White,2008,Oregon,3434397
White,2008,Pennsylvania,10743098
White,2008,Rhode Island,929381
White,2008,South Carolina,3129618
White,2008,South Dakota,704618
White,2008,Tennessee,5046296
White,2008,Texas,20037899
White,2008,Utah,2495003
White,2008,Vermont,605092
White,2008,Virginia,5733461
White,2008,Washington,5577318
White,2008,West Virginia,1753592
White,2008,Wisconsin,5060201
White,2008,Wyoming,519057
White,2009,Alabama,3389202
White,2009,Alaska,499867
White,2009,Arizona,5464047
White,2009,Arkansas,2361582
White,2009,California,28147510
White,2009,Colorado,4478565
White,2009,Connecticut,2985844
White,2009,Delaware,652605
White,2009,District of Columbia,247187
White,2009,Florida,14894191
White,2009,Georgia,6204180
White,2009,Hawaii,406833
White,2009,Idaho,1485165
White,2009,Illinois,10123738
White,2009,Indiana,5681764
White,2009,Iowa,2856456
White,2009,Kansas,2525097
White,2009,Kentucky,3889498
White,2009,Louisiana,2910509
White,2009,Maine,1284844
White,2009,Maryland,3587821
White,2009,Massachusetts,5581686
White,2009,Michigan,8073343
White,2009,Minnesota,4672941
White,2009,Mississippi,1803266
White,2009,Missouri,5081387
White,2009,Montana,900620
White,2009,Nebraska,1656315
White,2009,Nevada,2148708
White,2009,New Hampshire,1260984
White,2009,New Jersey,6615988
White,2009,New Mexico,1725799
White,2009,New York,14072238
White,2009,North Carolina,6939518
White,2009,North Dakota,609013
White,2009,Ohio,9775738
White,2009,Oklahoma,2946778
White,2009,Oregon,3462337
White,2009,Pennsylvania,10758201
White,2009,Rhode Island,925159
White,2009,South Carolina,3174776
White,2009,South Dakota,709532
White,2009,Tennessee,5086681
White,2009,Texas,20386890
White,2009,Utah,2547024
White,2009,Vermont,604741
White,2009,Virginia,5782225
White,2009,Washington,5644881
White,2009,West Virginia,1758904
White,2009,Wisconsin,5075213
White,2009,Wyoming,531442
White,2010,Alabama,3399975
White,2010,Alaska,507431
White,2010,Arizona,5493590
White,2010,Arkansas,2373667
White,2010,California,28280715
White,2010,Colorado,4520301
White,2010,Connecticut,2987138
White,2010,Delaware,654944
White,2010,District of Columbia,255534
White,2010,Florida,14989125
White,2010,Georgia,6223554
White,2010,Hawaii,410433
White,2010,Idaho,1496784
White,2010,Illinois,10136715
White,2010,Indiana,5693566
White,2010,Iowa,2864005
White,2010,Kansas,2538944
White,2010,Kentucky,3904888
White,2010,Louisiana,2932468
White,2010,Maine,1282994
White,2010,Maryland,3600864
White,2010,Massachusetts,5591798
White,2010,Michigan,8048819
White,2010,Minnesota,4682126
White,2010,Mississippi,1804239
White,2010,Missouri,5098388
White,2010,Montana,905118
White,2010,Nebraska,1666286
White,2010,Nevada,2152677
White,2010,New Hampshire,1260654
White,2010,New Jersey,6621985
White,2010,New Mexico,1742790
White,2010,New York,14078317
White,2010,North Carolina,6985358
White,2010,North Dakota,615263
White,2010,Ohio,9767820
White,2010,Oklahoma,2965869
White,2010,Oregon,3476736
White,2010,Pennsylvania,10766954
White,2010,Rhode Island,922331
White,2010,South Carolina,3198579
White,2010,South Dakota,714718
White,2010,Tennessee,5113124
White,2010,Texas,20624991
White,2010,Utah,2581722
White,2010,Vermont,605609
White,2010,Virginia,5821714
White,2010,Washington,5680004
White,2010,West Virginia,1763290
White,2010,Wisconsin,5083263
White,2010,Wyoming,535163
White,2011,Alabama,3406474
White,2011,Alaska,514612
White,2011,Arizona,5559757
White,2011,Arkansas,2386839
White,2011,California,28551082
White,2011,Colorado,4589200
White,2011,Connecticut,2984193
White,2011,Delaware,660104
White,2011,District of Columbia,266864
White,2011,Florida,15148280
White,2011,Georgia,6280506
White,2011,Hawaii,420022
White,2011,Idaho,1510289
White,2011,Illinois,10152278
White,2011,Indiana,5711984
White,2011,Iowa,2873019
White,2011,Kansas,2549248
White,2011,Kentucky,3924165
White,2011,Louisiana,2949133
White,2011,Maine,1281361
White,2011,Maryland,3623463
White,2011,Massachusetts,5609013
White,2011,Michigan,8026791
White,2011,Minnesota,4706165
White,2011,Mississippi,1803538
White,2011,Missouri,5110036
White,2011,Montana,911044
White,2011,Nebraska,1678482
White,2011,Nevada,2163970
White,2011,New Hampshire,1260043
White,2011,New Jersey,6618403
White,2011,New Mexico,1758658
White,2011,New York,14092429
White,2011,North Carolina,7057353
White,2011,North Dakota,624328
White,2011,Ohio,9759657
White,2011,Oklahoma,2991048
White,2011,Oregon,3505165
White,2011,Pennsylvania,10779681
White,2011,Rhode Island,919534
White,2011,South Carolina,3234809
White,2011,South Dakota,721987
White,2011,Tennessee,5149029
White,2011,Texas,21020190
White,2011,Utah,2625630
White,2011,Vermont,605260
White,2011,Virginia,5873838
White,2011,Washington,5748606
White,2011,West Virginia,1762304
White,2011,Wisconsin,5096616
White,2011,Wyoming,537851
White,2012,Alabama,3413571
White,2012,Alaska,518096
White,2012,Arizona,5603585
White,2012,Arkansas,2393011
White,2012,California,28716573
White,2012,Colorado,4647217
White,2012,Connecticut,2980691
White,2012,Delaware,664309
White,2012,District of Columbia,276057
White,2012,Florida,15316649
White,2012,Georgia,6317264
White,2012,Hawaii,426884
White,2012,Idaho,1519716
White,2012,Illinois,10140667
White,2012,Indiana,5717757
White,2012,Iowa,2877696
White,2012,Kansas,2557493
White,2012,Kentucky,3926441
White,2012,Louisiana,2962171
White,2012,Maine,1280768
White,2012,Maryland,3643570
White,2012,Massachusetts,5633673
White,2012,Michigan,8023676
White,2012,Minnesota,4716540
White,2012,Mississippi,1804534
White,2012,Missouri,5112730
White,2012,Montana,915857
White,2012,Nebraska,1687030
White,2012,Nevada,2177660
White,2012,New Hampshire,1260026
White,2012,New Jersey,6619471
White,2012,New Mexico,1758585
White,2012,New York,14117965
White,2012,North Carolina,7107633
White,2012,North Dakota,636983
White,2012,Ohio,9739254
White,2012,Oklahoma,3003118
White,2012,Oregon,3522848
White,2012,Pennsylvania,10766181
White,2012,Rhode Island,915095
White,2012,South Carolina,3266812
White,2012,South Dakota,726989
White,2012,Tennessee,5178755
White,2012,Texas,21261333
White,2012,Utah,2658464
White,2012,Vermont,604354
White,2012,Virginia,5923590
White,2012,Washington,5779189
White,2012,West Virginia,1761559
White,2012,Wisconsin,5101525
White,2012,Wyoming,542938
White,2013,Alabama,3417357
White,2013,Alaska,519545
White,2013,Arizona,5650603
White,2013,Arkansas,2397814
White,2013,California,28872300
White,2013,Colorado,4712204
White,2013,Connecticut,2973463
White,2013,Delaware,668143
White,2013,District of Columbia,285467
White,2013,Florida,15470380
White,2013,Georgia,6329913
White,2013,Hawaii,436884
White,2013,Idaho,1533351
White,2013,Illinois,10129482
White,2013,Indiana,5732863
White,2013,Iowa,2884447
White,2013,Kansas,2560201
White,2013,Kentucky,3932899
White,2013,Louisiana,2971695
White,2013,Maine,1278933
White,2013,Maryland,3651845
White,2013,Massachusetts,5647620
White,2013,Michigan,8027063
White,2013,Minnesota,4734133
White,2013,Mississippi,1805480
White,2013,Missouri,5124168
White,2013,Montana,923756
White,2013,Nebraska,1694611
White,2013,Nevada,2191057
White,2013,New Hampshire,1260482
White,2013,New Jersey,6618759
White,2013,New Mexico,1753479
White,2013,New York,14125951
White,2013,North Carolina,7160777
White,2013,North Dakota,655643
White,2013,Ohio,9741342
White,2013,Oklahoma,3024255
White,2013,Oregon,3544037
White,2013,Pennsylvania,10743840
White,2013,Rhode Island,913178
White,2013,South Carolina,3302732
White,2013,South Dakota,734427
White,2013,Tennessee,5202797
White,2013,Texas,21512952
White,2013,Utah,2697259
White,2013,Vermont,604251
White,2013,Virginia,5961061
White,2013,Washington,5816503
White,2013,West Virginia,1758444
White,2013,Wisconsin,5107934
White,2013,Wyoming,546718
White,2014,Alabama,3419940
White,2014,Alaska,517504
White,2014,Arizona,5725331
White,2014,Arkansas,2399804
White,2014,California,29112206
White,2014,Colorado,4779487
White,2014,Connecticut,2960214
White,2014,Delaware,672852
White,2014,District of Columbia,292649
White,2014,Florida,15699343
White,2014,Georgia,6358763
White,2014,Hawaii,442721
White,2014,Idaho,1552607
White,2014,Illinois,10101430
White,2014,Indiana,5740600
White,2014,Iowa,2888971
White,2014,Kansas,2563233
White,2014,Kentucky,3941696
White,2014,Louisiana,2980699
White,2014,Maine,1278430
White,2014,Maryland,3658054
White,2014,Massachusetts,5654782
White,2014,Michigan,8023427
White,2014,Minnesota,4743448
White,2014,Mississippi,1803115
White,2014,Missouri,5130149
White,2014,Montana,930226
White,2014,Nebraska,1701738
White,2014,Nevada,2217014
White,2014,New Hampshire,1261412
White,2014,New Jersey,6613281
White,2014,New Mexico,1750345
White,2014,New York,14107369
White,2014,North Carolina,7210010
White,2014,North Dakota,667148
White,2014,Ohio,9733011
White,2014,Oklahoma,3035813
White,2014,Oregon,3570524
White,2014,Pennsylvania,10716775
White,2014,Rhode Island,911548
White,2014,South Carolina,3343943
White,2014,South Dakota,740650
White,2014,Tennessee,5235081
White,2014,Texas,21851213
White,2014,Utah,2730417
White,2014,Vermont,602857
White,2014,Virginia,5985615
White,2014,Washington,5861584
White,2014,West Virginia,1752941
White,2014,Wisconsin,5109986
White,2014,Wyoming,548511
White,2015,Alabama,3418094
White,2015,Alaska,516494
White,2015,Arizona,5790662
White,2015,Arkansas,2404531
White,2015,California,29268218
White,2015,Colorado,4860059
White,2015,Connecticut,2944009
White,2015,Delaware,677149
White,2015,District of Columbia,301687
White,2015,Florida,15971454
White,2015,Georgia,6392399
White,2015,Hawaii,447725
White,2015,Idaho,1570040
White,2015,Illinois,10058772
White,2015,Indiana,5745559
White,2015,Iowa,2895570
White,2015,Kansas,2564958
White,2015,Kentucky,3945716
White,2015,Louisiana,2990198
White,2015,Maine,1276636
White,2015,Maryland,3652546
White,2015,Massachusetts,5663975
White,2015,Michigan,8018858
White,2015,Minnesota,4753022
White,2015,Mississippi,1797286
White,2015,Missouri,5137798
White,2015,Montana,937867
White,2015,Nebraska,1709900
White,2015,Nevada,2243778
White,2015,New Hampshire,1263680
White,2015,New Jersey,6596284
White,2015,New Mexico,1745634
White,2015,New York,14080073
White,2015,North Carolina,7259904
White,2015,North Dakota,678936
White,2015,Ohio,9722459
White,2015,Oklahoma,3052773
White,2015,Oregon,3614034
White,2015,Pennsylvania,10695940
White,2015,Rhode Island,908987
White,2015,South Carolina,3390607
White,2015,South Dakota,743966
White,2015,Tennessee,5267640
White,2015,Texas,22188899
White,2015,Utah,2774714
White,2015,Vermont,601224
White,2015,Virginia,6003584
White,2015,Washington,5923371
White,2015,West Virginia,1745625
White,2015,Wisconsin,5111213
White,2015,Wyoming,550547
White,2016,Alabama,3416909
White,2016,Alaska,516247
White,2016,Arizona,5867696
White,2016,Arkansas,2411255
White,2016,California,29284600
White,2016,Colorado,4932273
White,2016,Connecticut,2924274
White,2016,Delaware,679017
White,2016,District of Columbia,309313
White,2016,Florida,16228615
White,2016,Georgia,6410781
White,2016,Hawaii,435637
White,2016,Idaho,1596443
White,2016,Illinois,10006563
White,2016,Indiana,5744213
White,2016,Iowa,2894851
White,2016,Kansas,2561433
White,2016,Kentucky,3952664
White,2016,Louisiana,2993420
White,2016,Maine,1277480
White,2016,Maryland,3639880
White,2016,Massachusetts,5656810
White,2016,Michigan,8015307
White,2016,Minnesota,4760630
White,2016,Mississippi,1790820
White,2016,Missouri,5141898
White,2016,Montana,946324
White,2016,Nebraska,1715806
White,2016,Nevada,2267822
White,2016,New Hampshire,1266167
White,2016,New Jersey,6564595
White,2016,New Mexico,1742956
White,2016,New York,14007968
White,2016,North Carolina,7315221
White,2016,North Dakota,674630
White,2016,Ohio,9697106
White,2016,Oklahoma,3054808
White,2016,Oregon,3665749
White,2016,Pennsylvania,10656890
White,2016,Rhode Island,906089
White,2016,South Carolina,3441510
White,2016,South Dakota,747000
White,2016,Tennessee,5305294
White,2016,Texas,22447449
White,2016,Utah,2822315
White,2016,Vermont,598811
White,2016,Virginia,6010786
White,2016,Washington,6002348
White,2016,West Virginia,1733549
White,2016,Wisconsin,5111927
White,2016,Wyoming,550665
White,2017,Alabama,3419705
White,2017,Alaska,512623
White,2017,Arizona,5925685
White,2017,Arkansas,2420319
White,2017,California,29369542
White,2017,Colorado,4982527
White,2017,Connecticut,2922942
White,2017,Delaware,682095
White,2017,District of Columbia,318871
White,2017,Florida,16488470
White,2017,Georgia,6444657
White,2017,Hawaii,433320
White,2017,Idaho,1626437
White,2017,Illinois,9988400
White,2017,Indiana,5758280
White,2017,Iowa,2895505
White,2017,Kansas,2562602
White,2017,Kentucky,3959768
White,2017,Louisiana,2988801
White,2017,Maine,1280369
White,2017,Maryland,3643426
White,2017,Massachusetts,5666330
White,2017,Michigan,8029056
White,2017,Minnesota,4779768
White,2017,Mississippi,1785378
White,2017,Missouri,5152579
White,2017,Montana,952702
White,2017,Nebraska,1722394
White,2017,Nevada,2297024
White,2017,New Hampshire,1271499
White,2017,New Jersey,6583130
White,2017,New Mexico,1740703
White,2017,New York,14023221
White,2017,North Carolina,7390201
White,2017,North Dakota,670004
White,2017,Ohio,9702995
White,2017,Oklahoma,3051867
White,2017,Oregon,3697722
White,2017,Pennsylvania,10637357
White,2017,Rhode Island,905231
White,2017,South Carolina,3486473
White,2017,South Dakota,748768
White,2017,Tennessee,5350680
White,2017,Texas,22728838
White,2017,Utah,2866353
White,2017,Vermont,597247
White,2017,Virginia,6027893
White,2017,Washington,6064494
White,2017,West Virginia,1719416
White,2017,Wisconsin,5117202
White,2017,Wyoming,544781
White,2018,Alabama,3426745
White,2018,Alaska,507912
White,2018,Arizona,6039570
White,2018,Arkansas,2424998
White,2018,California,29301825
White,2018,Colorado,5050401
White,2018,Connecticut,2903404
White,2018,Delaware,683930
White,2018,District of Columbia,326137
White,2018,Florida,16721748
White,2018,Georgia,6466753
White,2018,Hawaii,430497
White,2018,Idaho,1660028
White,2018,Illinois,9917646
White,2018,Indiana,5763803
White,2018,Iowa,2896007
White,2018,Kansas,2559361
White,2018,Kentucky,3966164
White,2018,Louisiana,2968719
White,2018,Maine,1281687
White,2018,Maryland,3628187
White,2018,Massachusetts,5670599
White,2018,Michigan,8041198
White,2018,Minnesota,4791431
White,2018,Mississippi,1785077
White,2018,Missouri,5156415
White,2018,Montana,962460
White,2018,Nebraska,1725837
White,2018,Nevada,2317575
White,2018,New Hampshire,1279355
White,2018,New Jersey,6511007
White,2018,New Mexico,1744329
White,2018,New York,13837347
White,2018,North Carolina,7451579
White,2018,North Dakota,670697
White,2018,Ohio,9698709
White,2018,Oklahoma,3056708
White,2018,Oregon,3728759
White,2018,Pennsylvania,10609745
White,2018,Rhode Island,901715
White,2018,South Carolina,3531746
White,2018,South Dakota,755314
White,2018,Tennessee,5391207
White,2018,Texas,22961663
White,2018,Utah,2913538
White,2018,Vermont,598200
White,2018,Virginia,6045867
White,2018,Washington,6128227
White,2018,West Virginia,1708531
White,2018,Wisconsin,5121396
White,2018,Wyoming,542483
White,2019,Alabama,3437480
White,2019,Alaska,503476
White,2019,Arizona,6118935
White,2019,Arkansas,2426008
White,2019,California,29203765
White,2019,Colorado,5099538
White,2019,Connecticut,2886404
White,2019,Delaware,686304
White,2019,District of Columbia,330479
White,2019,Florida,16854502
White,2019,Georgia,6501503
White,2019,Hawaii,428523
White,2019,Idaho,1691082
White,2019,Illinois,9854559
White,2019,Indiana,5780770
White,2019,Iowa,2891595
White,2019,Kansas,2558440
White,2019,Kentucky,3963276
White,2019,Louisiana,2958038
White,2019,Maine,1285624
White,2019,Maryland,3616873
White,2019,Massachusetts,5649253
White,2019,Michigan,8030450
White,2019,Minnesota,4798563
White,2019,Mississippi,1777310
White,2019,Missouri,5161380
White,2019,Montana,967929
White,2019,Nebraska,1726955
White,2019,Nevada,2344105
White,2019,New Hampshire,1281488
White,2019,New Jersey,6484830
White,2019,New Mexico,1742518
White,2019,New York,13767670
White,2019,North Carolina,7520342
White,2019,North Dakota,672030
White,2019,Ohio,9682405
White,2019,Oklahoma,3061110
White,2019,Oregon,3749684
White,2019,Pennsylvania,10583680
White,2019,Rhode Island,900386
White,2019,South Carolina,3581951
White,2019,South Dakota,758952
White,2019,Tennessee,5432785
White,2019,Texas,23152887
White,2019,Utah,2953540
White,2019,Vermont,596426
White,2019,Virginia,6053235
White,2019,Washington,6165296
White,2019,West Virginia,1695855
White,2019,Wisconsin,5126856
White,2019,Wyoming,543158
White,2020,Alabama,3445489
White,2020,Alaska,500604
White,2020,Arizona,6217929
White,2020,Arkansas,2430075
White,2020,California,28881215
White,2020,Colorado,5130909
White,2020,Connecticut,2862056
White,2020,Delaware,690968
White,2020,District of Columbia,335845
White,2020,Florida,17016011
White,2020,Georgia,6514563
White,2020,Hawaii,423120
White,2020,Idaho,1727195
White,2020,Illinois,9751287
White,2020,Indiana,5781775
White,2020,Iowa,2889308
White,2020,Kansas,2554397
White,2020,Kentucky,3963013
White,2020,Louisiana,2946293
White,2020,Maine,1289612
White,2020,Maryland,3595768
White,2020,Massachusetts,5619604
White,2020,Michigan,8004389
White,2020,Minnesota,4789648
White,2020,Mississippi,1768002
White,2020,Missouri,5167287
White,2020,Montana,978119
White,2020,Nebraska,1725392
White,2020,Nevada,2367706
White,2020,New Hampshire,1285020
White,2020,New Jersey,6440419
White,2020,New Mexico,1743560
White,2020,New York,13619969
White,2020,North Carolina,7575561
White,2020,North Dakota,673624
White,2020,Ohio,9653181
White,2020,Oklahoma,3063684
White,2020,Oregon,3762475
White,2020,Pennsylvania,10530577
White,2020,Rhode Island,895772
White,2020,South Carolina,3631407
White,2020,South Dakota,763985
White,2020,Tennessee,5475185
White,2020,Texas,23314879
White,2020,Utah,2989783
White,2020,Vermont,594964
White,2020,Virginia,6063666
White,2020,Washington,6190305
White,2020,West Virginia,1686512
White,2020,Wisconsin,5121088
White,2020,Wyoming,546461
